idx,chr,start1,end1,start2,end2,strand,arm1_len,arm2_len,inter_gap_bp,ctx_len,arm1_paired_arm2,arm1_paired_other,arm1_unpaired,dsrna_frac,ctx_mfe_kcal,ensemble_free_energy,delta_delta_g,mean_arm1_arm2_prob
0,chr10,100232414,100232712,100232862,100233180,-,298,318,150,1166,245,0,53,0.8221,-495.8,-518.52,22.722,0.0025
2,chr10,102739631,102739919,102740257,102740521,+,288,264,338,1290,211,12,65,0.7326,-523.3,-542.48,19.178,0.0027
3,chr10,102900801,102901115,102901186,102901492,+,314,306,71,1091,250,0,64,0.7962,-569.0,-582.53,13.531,0.0026
4,chr10,114291995,114292290,114292708,114293006,+,295,298,418,1411,268,0,27,0.9085,-669.2,-689.64,20.443,0.003
5,chr10,11458609,11458931,11459471,11459748,-,322,277,540,1539,244,18,60,0.7578,-653.8,-676.07,22.273,0.0027
6,chr10,117485552,117485850,117487229,117487529,-,298,300,1379,2377,262,0,36,0.8792,-1101.5,100000.0,-101101.5,0
10,chr10,123168543,123168850,123169860,123170072,+,307,212,1010,1929,177,63,67,0.5765,-708.1,-739.61,31.509,0.0027
11,chr10,14905702,14906000,14906875,14907149,-,298,274,875,1847,220,10,68,0.7383,-580.0,-610.23,30.23,0.0026
12,chr10,15075691,15076002,15076503,15076802,-,311,299,501,1511,251,10,50,0.8071,-596.5,-618.89,22.387,0.0027
13,chr10,15106818,15107127,15107459,15107754,-,309,295,332,1336,233,0,76,0.754,-539.4,-561.42,22.02,0.0025
14,chr10,17137549,17137851,17140037,17140352,-,302,315,2186,3203,270,1,31,0.894,-1037.2,100000.0,-101037.2,0
15,chr10,17797294,17797591,17798256,17798554,+,297,298,665,1660,251,0,46,0.8451,-642.8,-670.87,28.07,0.0028
16,chr10,28522121,28522420,28522985,28523280,-,299,295,565,1559,260,11,28,0.8696,-695.4,-719.35,23.951,0.0029
17,chr10,32434353,32434659,32435172,32435492,-,306,320,513,1539,215,10,81,0.7026,-521.6,-550.45,28.848,0.0022
18,chr10,42332126,42332413,42333097,42333404,-,287,307,684,1678,249,2,36,0.8676,-638.0,-664.62,26.622,0.0028
19,chr10,42517833,42518098,42518668,42518960,-,265,292,570,1527,218,9,38,0.8226,-614.6,-640.66,26.056,0.0028
20,chr10,46589188,46589508,46591085,46591387,+,320,302,1577,2599,242,15,63,0.7562,-811.1,-859.81,48.71,0.0025
21,chr10,47538078,47538366,47538492,47538784,-,288,292,126,1106,231,3,54,0.8021,-438.3,-455.89,17.589,0.0027
22,chr10,47748204,47748512,47748956,47749263,-,308,307,444,1459,231,24,53,0.75,-576.8,-601.3,24.5,0.0024
23,chr10,49973394,49973685,49973800,49974099,+,291,299,115,1105,218,0,73,0.7491,-413.1,-431.2,18.096,0.0025
24,chr10,68481623,68481903,68481931,68482233,-,280,302,28,1010,249,0,31,0.8893,-539.8,-551.47,11.674,0.0029
25,chr10,70148510,70148782,70149087,70149371,-,272,284,305,1261,208,0,64,0.7647,-495.1,-516.99,21.892,0.0027
26,chr10,70249120,70249412,70249479,70249782,-,292,303,67,1062,253,0,39,0.8664,-578.7,-592.06,13.358,0.0029
27,chr10,72234008,72234307,72234868,72235167,+,299,299,561,1559,0,235,64,0.0,-735.4,100000.0,-100735.4,0
28,chr10,73248950,73249212,73249928,73250234,-,262,306,716,1684,219,0,43,0.8359,-638.2,-667.25,29.053,0.0027
29,chr10,80434931,80435221,80435479,80435749,+,290,270,258,1218,201,22,67,0.6931,-495.5,-513.72,18.222,0.0025
30,chr10,80522228,80522529,80523403,80523625,+,301,222,874,1797,188,54,59,0.6246,-725.0,-755.84,30.839,0.0028
31,chr10,94330397,94330708,94331866,94332168,+,311,302,1158,2171,251,16,44,0.8071,-815.2,-848.82,33.622,0.0026
32,chr10,99694530,99694832,99695244,99695547,-,302,303,412,1417,263,0,39,0.8709,-661.2,-681.89,20.688,0.0029
33,chr11,108365731,108366054,108366996,108367286,+,323,290,942,1955,256,13,54,0.7926,-757.9,-790.43,32.528,0.0027
34,chr11,111728292,111728588,111728647,111728938,+,296,291,59,1046,257,0,39,0.8682,-574.5,-587.3,12.803,0.003
35,chr11,122959951,122960249,122961319,122961654,+,298,335,1070,2103,243,8,47,0.8154,-805.1,100000.0,-100805.1,0
36,chr11,125442727,125443035,125444304,125444596,-,308,292,1269,2269,257,1,50,0.8344,-992.9,100000.0,-100992.9,0
37,chr11,125923985,125924274,125926534,125926846,+,289,312,2260,3261,261,0,28,0.9031,-1315.4,100000.0,-101315.4,0
38,chr11,126346902,126347104,126347221,126347523,+,202,302,117,1021,172,1,29,0.8515,-501.6,-513.73,12.126,0.0028
39,chr11,16756263,16756568,16756627,16756928,+,305,301,59,1065,260,6,39,0.8525,-533.8,-550.78,16.98,0.0028
40,chr11,2646544,2646811,2647931,2648204,-,267,273,1120,2060,220,8,39,0.824,-603.27,-635.01,31.741,0.003
41,chr11,31431025,31431319,31431529,31431843,+,294,314,210,1218,248,0,46,0.8435,-568.2,-585.77,17.565,0.0027
42,chr11,32603792,32604092,32604132,32604398,+,300,266,40,1006,217,8,75,0.7233,-414.5,-429.68,15.176,0.0027
43,chr11,32854273,32854578,32856831,32857125,+,305,294,2253,3252,244,9,52,0.8,-1003.8,-1065.48,61.681,0.0027
44,chr11,36486039,36486338,36486807,36487109,-,299,302,469,1470,249,0,50,0.8328,-606.4,-629.4,23.004,0.0027
45,chr11,44248984,44249297,44249788,44250080,+,313,292,491,1496,232,2,79,0.7412,-573.6,-601.75,28.151,0.0025
46,chr11,62686661,62686968,62686999,62687306,-,307,307,31,1045,254,2,51,0.8274,-554.3,-569.33,15.028,0.0027
47,chr11,65775888,65776190,65776845,65777140,-,302,295,655,1652,221,20,61,0.7318,-768.3,100000.0,-100768.3,0
48,chr11,66683063,66683365,66684354,66684655,-,302,301,989,1992,244,1,57,0.8079,-815.8,100000.0,-100815.8,0
49,chr11,6713131,6713433,6713938,6714160,-,302,222,505,1429,177,39,86,0.5861,-472.2,-498.65,26.447,0.0027
50,chr11,67461958,67462194,67462356,67462652,-,236,296,162,1094,200,8,28,0.8475,-489.1,-505.57,16.473,0.0028
51,chr11,68755395,68755706,68755831,68756133,-,311,302,125,1138,261,1,49,0.8392,-622.6,-637.15,14.551,0.0028
52,chr11,72291313,72291606,72291761,72292065,-,293,304,155,1152,265,0,28,0.9044,-637.0,-655.16,18.155,0.003
53,chr11,73929055,73929347,73929774,73930076,+,292,302,427,1421,234,5,53,0.8014,-718.7,100000.0,-100718.7,0
54,chr11,76383498,76383791,76384318,76384622,+,293,304,527,1524,261,1,31,0.8908,-686.9,-712.17,25.267,0.0029
55,chr11,76405971,76406272,76406726,76407036,+,301,310,454,1465,204,22,75,0.6777,-592.1,-615.43,23.334,0.0025
56,chr11,767848,768150,768208,768503,-,302,295,58,1055,260,12,30,0.8609,-612.9,-626.15,13.254,0.0029
57,chr11,77023791,77024101,77025410,77025704,+,310,294,1309,2313,253,2,55,0.8161,-863.9,100000.0,-100863.9,0
58,chr11,78068504,78068801,78068880,78069189,-,297,309,79,1085,237,5,55,0.798,-488.4,-504.48,16.084,0.0026
59,chr11,8614056,8614338,8614933,8615228,-,282,295,595,1572,241,0,41,0.8546,-645.53,-668.2,22.673,0.0028
60,chr11,94416563,94416865,94416980,94417276,-,302,296,115,1113,248,3,51,0.8212,-520.1,-534.74,14.643,0.0028
61,chr12,100240155,100240466,100240770,100241052,-,311,282,304,1297,225,16,70,0.7235,-480.9,-502.32,21.421,0.0026
62,chr12,100626833,100627118,100627261,100627576,+,285,315,143,1143,255,0,30,0.8947,-517.5,-537.88,20.377,0.0028
63,chr12,10315835,10316139,10316392,10316702,+,304,310,253,1267,260,0,44,0.8553,-514.0,-534.83,20.83,0.0027
65,chr12,108779667,108779974,108780756,108781058,-,307,302,782,1791,261,7,39,0.8502,-792.0,100000.0,-100792.0,0
66,chr12,108909951,108910260,108911426,108911703,-,309,277,1166,2152,245,16,48,0.7929,-978.0,100000.0,-100978.0,0
67,chr12,111811054,111811379,111811461,111811773,+,325,312,82,1119,281,0,44,0.8646,-632.2,-646.3,14.102,0.0027
68,chr12,111895549,111895828,111896846,111897143,+,279,297,1018,1994,241,7,31,0.8638,-818.0,100000.0,-100818.0,0
69,chr12,111896846,111897143,111898176,111898466,+,297,290,1033,2020,257,3,37,0.8653,-790.2,-822.64,32.438,0.003
70,chr12,116711251,116711547,116711633,116711913,-,296,280,86,1062,237,13,46,0.8007,-522.4,-536.9,14.503,0.0028
71,chr12,117210980,117211257,117211783,117212074,-,277,291,526,1494,246,0,31,0.8881,-695.3,-716.72,21.419,0.003
72,chr12,120460723,120461013,120461102,120461389,+,290,287,89,1066,225,8,57,0.7759,-440.5,-458.37,17.872,0.0027
73,chr12,121648936,121649246,121650248,121650550,-,310,302,1002,2014,0,243,67,0.0,-989.3,100000.0,-100989.3,0
74,chr12,121778170,121778471,121780056,121780357,+,301,301,1585,2587,270,0,31,0.897,-1296.9,100000.0,-101296.9,0
75,chr12,122472205,122472506,122472542,122472837,-,301,295,36,1032,258,2,41,0.8571,-554.1,-567.53,13.428,0.0029
76,chr12,122726990,122727288,122727469,122727762,-,298,293,181,1172,215,15,68,0.7215,-516.0,-535.19,19.191,0.0025
77,chr12,12328270,12328555,12328706,12328984,-,285,278,151,1114,257,3,25,0.9018,-648.8,100000.0,-100648.8,0
78,chr12,123470493,123470789,123471060,123471371,-,296,311,271,1278,252,0,44,0.8514,-589.9,-609.64,19.739,0.0027
79,chr12,12469070,12469355,12470082,12470367,+,285,285,727,1697,254,0,31,0.8912,-770.3,100000.0,-100770.3,0
80,chr12,125027387,125027677,125027696,125027986,+,290,290,19,999,247,0,43,0.8517,-583.7,-593.45,9.748,0.0029
81,chr12,131944231,131944532,131945489,131945796,+,301,307,957,1965,262,3,36,0.8704,-1054.0,100000.0,-101054.0,0
82,chr12,132721307,132721585,132721594,132721902,+,278,308,9,995,240,4,34,0.8633,-547.3,-561.04,13.739,0.0028
83,chr12,132769953,132770250,132770639,132770934,-,297,295,389,1381,255,11,31,0.8586,-682.7,100000.0,-100682.7,0
84,chr12,132833537,132833841,132834712,132835016,-,304,304,871,1879,256,4,44,0.8421,-879.3,100000.0,-100879.3,0
85,chr12,133021104,133021450,133021483,133021786,+,346,303,33,1082,278,16,52,0.8035,-611.3,-624.2,12.9,0.0026
86,chr12,133212852,133213154,133213402,133213717,+,302,315,248,1265,266,1,35,0.8808,-652.4,-670.51,18.109,0.0028
87,chr12,19372789,19373066,19373121,19373397,+,277,276,55,1008,211,14,52,0.7617,-484.6,-497.62,13.02,0.0027
88,chr12,27421263,27421638,27423319,27423628,+,375,309,1681,2765,264,32,79,0.704,-1056.8,100000.0,-101056.8,0
89,chr12,42233517,42233807,42233888,42234207,-,290,319,81,1090,240,0,50,0.8276,-503.9,-520.34,16.439,0.0026
90,chr12,4353554,4353819,4354725,4355030,+,265,305,906,1876,238,0,27,0.8981,-756.4,-788.31,31.905,0.0029
91,chr12,43725429,43725687,43726545,43726841,-,258,296,858,1812,230,0,28,0.8915,-678.7,-710.81,32.108,0.003
92,chr12,43787773,43788075,43788539,43788813,+,302,274,464,1440,241,20,41,0.798,-692.0,-715.1,23.1,0.0028
93,chr12,47208399,47208671,47209273,47209494,-,272,221,602,1495,181,31,60,0.6654,-637.5,-662.32,24.818,0.0028
94,chr12,49273408,49273674,49273842,49274076,+,266,234,168,1068,172,24,70,0.6466,-428.3,-443.02,14.716,0.0027
95,chr12,50930582,50930881,50931427,50931737,+,299,310,546,1555,262,0,37,0.8763,-654.1,-676.98,22.88,0.0028
96,chr12,51510144,51510444,51511399,51511688,+,300,289,955,1944,254,1,45,0.8467,-900.6,100000.0,-100900.6,0
97,chr12,56476590,56476893,56478715,56479006,+,303,291,1822,2816,262,11,30,0.8647,-1294.9,100000.0,-101294.9,0
98,chr12,57748694,57749005,57749717,57750007,+,311,290,712,1713,258,10,43,0.8296,-783.9,100000.0,-100783.9,0
100,chr12,64155034,64155251,64155259,64155563,+,217,304,8,929,64,100,53,0.2949,-484.9,-495.95,11.048,0.001
101,chr12,64191792,64192072,64192118,64192424,-,280,306,46,1032,214,19,47,0.7643,-448.6,-466.16,17.563,0.0025
102,chr12,64448916,64449212,64450153,64450444,+,296,291,941,1928,206,26,64,0.6959,-631.35,-663.61,32.26,0.0025
103,chr12,66121280,66121555,66121602,66121903,-,275,301,47,1023,225,0,50,0.8182,-508.6,-523.01,14.41,0.0028
104,chr12,67317502,67317782,67318022,67318288,+,280,266,240,1186,217,20,43,0.775,-546.9,-565.13,18.229,0.0029
105,chr12,68662798,68663006,68663052,68663362,+,208,310,46,964,157,0,51,0.7548,-324.5,-343.35,18.847,0.0024
106,chr12,68743115,68743416,68744373,68744683,+,301,310,957,1968,268,0,33,0.8904,-820.8,100000.0,-100820.8,0
107,chr12,68766213,68766504,68766591,68766884,+,291,293,87,1071,233,8,50,0.8007,-473.4,-489.74,16.345,0.0027
108,chr12,68847882,68848142,68848182,68848465,+,260,283,40,983,214,6,40,0.8231,-421.1,-438.5,17.401,0.0028
109,chr12,68851323,68851636,68852541,68852860,-,313,319,905,1937,275,2,36,0.8786,-794.7,100000.0,-100794.7,0
110,chr12,71702313,71702613,71702897,71703217,+,300,320,284,1304,223,19,58,0.7433,-558.0,-582.96,24.959,0.0024
111,chr12,71793933,71794246,71794428,71794736,+,313,308,182,1203,263,1,49,0.8403,-607.6,-625.61,18.013,0.0027
112,chr12,71850433,71850669,71850706,71851012,-,236,306,37,979,186,1,49,0.7881,-402.27,-418.02,15.754,0.0025
113,chr12,71924362,71924654,71924733,71925033,+,292,300,79,1071,266,0,26,0.911,-603.9,-616.66,12.757,0.003
115,chr12,76040628,76040862,76043247,76043452,-,234,205,2385,3224,163,21,50,0.6966,-1006.6,-1064.73,58.13,0.0033
116,chr12,7797656,7797951,7798094,7798383,+,295,289,143,1127,181,37,77,0.6136,-440.4,-455.4,15.002,0.0021
118,chr12,93403318,93403618,93405985,93406305,+,300,320,2367,3387,237,18,45,0.79,-1084.5,100000.0,-101084.5,0
119,chr12,93507957,93508244,93508244,93508445,+,287,201,0,888,62,156,69,0.216,-376.3,-392.48,16.177,0.0011
120,chr12,98548838,98549143,98549221,98549461,+,305,240,78,1023,209,28,68,0.6852,-446.3,-462.63,16.331,0.0028
121,chr12,98604772,98605062,98605137,98605417,+,290,280,75,1045,190,39,61,0.6552,-465.4,-482.23,16.833,0.0024
122,chr13,19672148,19672442,19672818,19673068,+,294,250,376,1320,212,24,58,0.7211,-538.4,-561.3,22.896,0.0028
123,chr13,21374238,21374533,21374851,21375149,-,295,298,318,1311,235,1,59,0.7966,-569.1,-588.77,19.672,0.0026
124,chr13,32515167,32515443,32515743,32516037,-,276,294,300,1270,0,181,95,0.0,-483.8,-507.73,23.927,0.0
125,chr13,40810162,40810462,40811208,40811509,+,300,301,746,1747,266,1,33,0.8867,-819.4,100000.0,-100819.4,0
126,chr13,45034953,45035255,45036662,45036982,+,302,320,1407,2429,44,178,80,0.1457,-870.3,-912.18,41.876,0.0004
127,chr13,45333931,45334210,45336054,45336294,-,279,240,1844,2763,173,34,72,0.6201,-984.2,100000.0,-100984.2,0
128,chr13,49913139,49913449,49913510,49913824,-,310,314,61,1085,261,0,49,0.8419,-543.9,-559.2,15.303,0.0027
129,chr13,51439957,51440263,51441824,51442109,-,306,285,1561,2552,232,4,70,0.7582,-849.6,-898.31,48.715,0.0026
130,chr13,52689686,52689991,52691051,52691281,+,305,230,1060,1995,171,73,61,0.5607,-645.3,-682.55,37.248,0.0024
132,chr14,102051007,102051268,102051691,102051991,+,261,300,423,1384,0,182,79,0.0,-722.2,100000.0,-100722.2,0
133,chr14,102502933,102503212,102503281,102503581,-,279,300,69,1048,260,0,19,0.9319,-645.8,100000.0,-100645.8,0
134,chr14,20367081,20367384,20367612,20367908,-,303,296,228,1227,262,1,40,0.8647,-632.3,-650.65,18.345,0.0029
135,chr14,21460305,21460616,21460619,21460912,-,311,293,3,1007,250,0,61,0.8039,-506.7,-521.03,14.331,0.0027
137,chr14,23098659,23098965,23100002,23100272,+,306,270,1037,2013,0,177,129,0.0,-727.4,-764.5,37.099,0.0
138,chr14,31095420,31095718,31095802,31096111,+,298,309,84,1091,242,8,48,0.8121,-448.1,-465.41,17.306,0.0026
139,chr14,35274142,35274395,35274395,35274660,+,253,265,0,918,172,15,66,0.6798,-342.7,-356.63,13.93,0.0025
140,chr14,49575039,49575341,49575564,49575855,-,302,291,223,1216,226,9,67,0.7483,-492.1,-511.51,19.412,0.0025
141,chr14,50245839,50246142,50246207,50246437,-,303,230,65,998,179,63,61,0.5908,-431.8,-449.79,17.985,0.0026
142,chr14,50327065,50327358,50327459,50327750,-,293,291,101,1085,234,5,54,0.7986,-475.5,-491.83,16.328,0.0027
143,chr14,50327065,50327358,50327459,50327750,+,293,291,101,1085,227,5,61,0.7747,-485.1,-500.64,15.538,0.0026
144,chr14,52775895,52776188,52776556,52776854,-,293,298,368,1359,219,8,66,0.7474,-539.4,-559.61,20.211,0.0025
145,chr14,55367460,55367756,55368223,55368518,-,296,295,467,1458,260,4,32,0.8784,-704.8,100000.0,-100704.8,0
146,chr14,58549999,58550296,58550554,58550852,+,297,298,258,1253,247,7,43,0.8316,-550.9,-572.86,21.965,0.0028
147,chr14,60135556,60135849,60137807,60138111,+,293,304,1958,2955,265,0,28,0.9044,-1061.07,100000.0,-101061.07,0
148,chr14,64470307,64470615,64471144,64471451,+,308,307,529,1544,280,0,28,0.9091,-716.0,-738.79,22.787,0.0029
149,chr14,64483283,64483576,64483698,64483968,-,293,270,122,1085,226,22,45,0.7713,-515.1,-531.47,16.367,0.0029
150,chr14,70367314,70367591,70369106,70369394,-,277,288,1515,2480,206,13,58,0.7437,-777.4,-823.86,46.463,0.0026
151,chr14,73702138,73702437,73702847,73703112,+,299,265,410,1374,208,27,64,0.6957,-499.7,-523.93,24.226,0.0026
152,chr14,74737700,74738010,74738083,74738304,+,310,221,73,1004,177,36,97,0.571,-369.0,-386.15,17.149,0.0026
153,chr14,75080049,75080358,75080638,75080931,-,309,293,280,1282,255,16,38,0.8252,-662.8,-680.4,17.602,0.0028
154,chr14,76204987,76205269,76207034,76207339,+,282,305,1765,2752,230,1,51,0.8156,-949.3,100000.0,-100949.3,0
155,chr14,85631816,85632125,85632209,85632483,+,309,274,84,1067,244,20,45,0.7896,-521.5,-537.23,15.727,0.0029
156,chr14,88619083,88619384,88619685,88619964,+,301,279,301,1281,225,14,62,0.7475,-575.6,-591.17,15.569,0.0027
157,chr14,89794968,89795285,89795392,89795673,-,317,281,107,1105,250,0,67,0.7886,-509.2,-523.5,14.296,0.0028
158,chr14,90271892,90272193,90273277,90273584,-,301,307,1084,2092,257,8,36,0.8538,-941.1,100000.0,-100941.1,0
159,chr14,90527560,90527857,90529982,90530281,-,297,299,2125,3121,263,1,33,0.8855,-1183.2,100000.0,-101183.2,0
160,chr14,90860889,90861192,90861240,90861534,-,303,294,48,1045,264,3,36,0.8713,-574.8,-585.36,10.561,0.0029
161,chr14,92059538,92059847,92059909,92060195,-,309,286,62,1057,248,0,61,0.8026,-559.8,-573.44,13.638,0.0028
162,chr14,92167001,92167311,92167964,92168266,+,310,302,653,1665,255,9,46,0.8226,-675.6,-705.25,29.655,0.0027
163,chr14,95184826,95185117,95186567,95186849,-,291,282,1450,2423,228,13,50,0.7835,-1004.7,100000.0,-101004.7,0
164,chr14,99504451,99504749,99505596,99505867,-,298,271,847,1816,216,12,70,0.7248,-606.0,-635.1,29.103,0.0027
165,chr14,99669644,99669933,99670108,99670409,+,289,301,175,1165,238,0,51,0.8235,-491.6,-509.07,17.468,0.0027
166,chr15,20532247,20532535,20533163,20533426,-,288,263,628,1579,226,14,48,0.7847,-650.9,-678.98,28.078,0.0029
167,chr15,23127457,23127745,23128373,23128637,-,288,264,628,1580,218,21,49,0.7569,-649.3,-677.44,28.143,0.0029
168,chr15,34104358,34104614,34104663,34104943,+,256,280,49,985,212,9,35,0.8281,-492.6,-506.66,14.056,0.0029
169,chr15,34231070,34231378,34231577,34231889,-,308,312,199,1219,261,0,47,0.8474,-597.8,-612.47,14.671,0.0027
170,chr15,40373724,40374015,40374209,40374429,+,291,220,194,1105,193,48,50,0.6632,-522.0,-538.92,16.917,0.003
171,chr15,40662677,40662980,40663057,40663355,+,303,298,77,1078,250,0,53,0.8251,-508.7,-526.93,18.234,0.0027
172,chr15,41580626,41580930,41580930,41581212,+,304,282,0,986,212,38,54,0.6974,-479.0,-492.45,13.452,0.0024
173,chr15,42541221,42541506,42541758,42542058,-,285,300,252,1237,232,4,49,0.814,-522.3,-540.63,18.334,0.0027
174,chr15,42567556,42567866,42569287,42569606,+,310,319,1421,2450,12,168,130,0.0387,-925.3,100000.0,-100925.3,0
175,chr15,43324334,43324624,43326453,43326716,-,290,263,1829,2782,52,198,40,0.1793,-1026.0,100000.0,-101026.0,0
176,chr15,45482135,45482431,45482787,45483083,-,296,296,356,1348,231,0,65,0.7804,-486.8,-510.15,23.345,0.0026
177,chr15,45502388,45502679,45502712,45503006,-,291,294,33,1018,219,2,70,0.7526,-393.6,-412.4,18.797,0.0025
178,chr15,49648313,49648600,49649454,49649763,+,287,309,854,1850,251,0,36,0.8746,-691.3,-718.45,27.151,0.0028
179,chr15,50351298,50351589,50352335,50352635,-,291,300,746,1737,228,11,52,0.7835,-634.4,-662.16,27.763,0.0026
180,chr15,50502373,50502669,50503066,50503324,+,296,258,397,1351,224,22,50,0.7568,-631.9,-653.42,21.52,0.0029
181,chr15,50558412,50558722,50559058,50559350,-,310,292,336,1338,254,4,52,0.8194,-800.9,100000.0,-100800.9,0
182,chr15,50703357,50703660,50704061,50704363,-,303,302,401,1406,270,0,33,0.8911,-666.2,-686.54,20.343,0.0029
183,chr15,51914382,51914671,51914733,51915029,+,289,296,62,1047,260,0,29,0.8997,-572.2,-584.45,12.246,0.003
184,chr15,52116912,52117229,52118586,52118890,-,317,304,1357,2378,269,8,40,0.8486,-1022.2,100000.0,-101022.2,0
185,chr15,59621586,59621898,59622030,59622327,+,312,297,132,1141,268,3,41,0.859,-601.3,-617.59,16.29,0.0029
186,chr15,60422136,60422425,60422554,60422852,-,289,298,129,1116,229,11,49,0.7924,-473.5,-493.86,20.36,0.0026
187,chr15,63148848,63149153,63149320,63149594,-,305,274,167,1146,237,30,38,0.777,-554.7,-567.57,12.874,0.0028
188,chr15,63918561,63918841,63919475,63919785,-,280,310,634,1624,259,5,16,0.925,-864.7,100000.0,-100864.7,0
189,chr15,64140595,64140884,64142056,64142337,+,289,281,1172,2142,226,0,63,0.782,-840.5,100000.0,-100840.5,0
190,chr15,65149579,65149880,65150060,65150358,-,301,298,180,1179,261,0,40,0.8671,-574.2,-592.83,18.63,0.0029
191,chr15,68296928,68297248,68298419,68298643,-,320,224,1171,2115,171,47,102,0.5344,-668.64,-703.42,34.785,0.0024
192,chr15,69406586,69406888,69407148,69407430,+,302,282,260,1244,247,2,53,0.8179,-530.9,-550.33,19.428,0.0029
193,chr15,72598431,72598730,72598730,72598983,+,299,253,0,952,0,239,60,0.0,-430.1,-445.18,15.076,0.0
194,chr15,73979339,73979639,73979801,73980056,-,300,255,162,1117,188,46,66,0.6267,-410.97,-430.9,19.931,0.0025
195,chr15,75464163,75464421,75465093,75465402,-,258,309,672,1639,168,21,69,0.6512,-583.6,-611.23,27.629,0.0021
196,chr15,75728970,75729281,75729819,75730061,-,311,242,538,1491,196,36,79,0.6302,-611.1,-635.09,23.987,0.0026
197,chr15,75936581,75936871,75937227,75937532,+,290,305,356,1351,266,0,24,0.9172,-613.8,-634.13,20.328,0.003
198,chr15,82686726,82687020,82687837,82688124,-,294,287,817,1798,186,35,73,0.6327,-664.8,-696.6,31.801,0.0022
199,chr15,82996723,82997021,82999200,82999495,-,298,295,2179,3172,249,0,49,0.8356,-1449.6,100000.0,-101449.6,0
200,chr15,83128830,83129129,83130813,83131126,-,299,313,1684,2696,244,15,40,0.8161,-1026.9,100000.0,-101026.9,0
201,chr15,84642059,84642365,84642487,84642764,-,306,277,122,1105,230,20,56,0.7516,-520.1,-536.09,15.992,0.0027
202,chr15,88478709,88479011,88480217,88480492,+,302,275,1206,2183,223,8,71,0.7384,-884.35,100000.0,-100884.35,0
203,chr15,89832161,89832458,89832486,89832787,-,297,301,28,1026,234,5,58,0.7879,-474.4,-493.59,19.194,0.0026
204,chr15,89897821,89898140,89899080,89899384,-,319,304,940,1963,267,6,46,0.837,-856.9,100000.0,-100856.9,0
205,chr15,90243640,90243939,90244543,90244830,+,299,287,604,1590,185,25,89,0.6187,-644.4,-672.49,28.091,0.0023
206,chr15,90274170,90274455,90274456,90274699,+,285,243,1,929,207,15,63,0.7263,-448.9,-460.67,11.768,0.003
208,chr15,93038566,93038873,93039929,93040227,-,307,298,1056,2061,228,2,77,0.7427,-823.5,100000.0,-100823.5,0
209,chr15,99387060,99387359,99389842,99390126,+,299,284,2483,3466,257,8,34,0.8595,-1167.6,100000.0,-101167.6,0
210,chr16,10529648,10529961,10530980,10531270,-,313,290,1019,2022,253,5,55,0.8083,-936.81,100000.0,-100936.81,0
211,chr16,10931572,10931904,10932691,10932902,+,332,211,787,1730,181,74,77,0.5452,-698.0,-725.19,27.186,0.0026
212,chr16,11834836,11835100,11835184,11835470,-,264,286,84,1034,167,45,52,0.6326,-475.5,-492.34,16.835,0.0022
213,chr16,12660830,12661119,12663061,12663360,-,289,299,1942,2930,229,3,57,0.7924,-964.7,100000.0,-100964.7,0
214,chr16,15412146,15412454,15412577,15412879,+,308,302,123,1133,251,2,55,0.8149,-511.8,-528.95,17.148,0.0027
215,chr16,19118182,19118481,19120081,19120381,+,299,300,1600,2599,251,0,48,0.8395,-972.87,100000.0,-100972.87,0
216,chr16,19309632,19309943,19310186,19310490,+,311,304,243,1258,236,10,65,0.7588,-504.0,-523.99,19.995,0.0025
217,chr16,19701979,19702281,19702709,19703025,-,302,316,428,1446,272,0,30,0.9007,-690.3,-712.11,21.808,0.0028
218,chr16,21251922,21252232,21252753,21253050,+,310,297,521,1528,267,7,36,0.8613,-710.5,-733.23,22.732,0.0029
219,chr16,21432002,21432292,21432510,21432824,-,290,314,218,1222,121,78,91,0.4172,-567.1,-588.12,21.016,0.0013
220,chr16,21517885,21518178,21518787,21519096,-,293,309,609,1611,253,0,40,0.8635,-757.4,100000.0,-100757.4,0
221,chr16,21639920,21640237,21640468,21640796,-,317,328,231,1276,255,0,62,0.8044,-557.3,-578.5,21.197,0.0025
222,chr16,24661408,24661711,24662167,24662503,-,303,336,456,1495,250,0,53,0.8251,-612.4,-636.01,23.607,0.0024
223,chr16,27450571,27450775,27451426,27451730,+,204,304,651,1559,155,10,39,0.7598,-669.1,-694.41,25.313,0.0025
224,chr16,28475884,28476186,28476264,28476574,-,302,310,78,1090,237,1,64,0.7848,-447.3,-464.88,17.575,0.0025
225,chr16,28535736,28535981,28536072,28536373,-,245,301,91,1037,133,74,38,0.5429,-471.0,-483.62,12.618,0.0018
226,chr16,29668871,29669129,29669203,29669499,+,258,296,74,1028,134,67,57,0.5194,-525.2,-544.68,19.475,0.0017
227,chr16,30071252,30071549,30071897,30072194,+,297,297,348,1342,253,0,44,0.8519,-605.1,-627.19,22.086,0.0028
228,chr16,30920545,30920808,30921290,30921591,-,263,301,482,1446,208,0,55,0.7909,-559.6,-581.55,21.954,0.0026
229,chr16,31230445,31230744,31231018,31231322,+,299,304,274,1277,278,1,20,0.9298,-716.1,100000.0,-100716.1,0
230,chr16,46579653,46579957,46580746,46581046,-,304,300,789,1793,113,106,85,0.3717,-701.3,-730.57,29.272,0.0012
231,chr16,46705713,46705984,46706290,46706592,-,271,302,306,1279,243,0,28,0.8967,-537.31,-556.9,19.589,0.0029
232,chr16,46797344,46797644,46798247,46798508,-,300,261,603,1564,223,32,45,0.7433,-577.9,-600.29,22.392,0.0028
233,chr16,4687275,4687520,4689757,4690063,+,245,306,2237,3188,176,10,59,0.7184,-1466.7,100000.0,-101466.7,0
234,chr16,4749532,4749828,4750494,4750790,-,296,296,666,1658,258,7,31,0.8716,-870.2,100000.0,-100870.2,0
235,chr16,48353223,48353517,48354196,48354507,+,294,311,679,1684,252,1,41,0.8571,-662.2,-691.71,29.512,0.0027
236,chr16,50105201,50105483,50105543,50105870,+,282,327,60,1069,237,8,37,0.8404,-530.8,-545.57,14.77,0.0026
237,chr16,5086053,5086352,5086449,5086670,+,299,221,97,1017,0,230,69,0.0,-493.7,-510.15,16.451,0.0
238,chr16,53694151,53694464,53694509,53694811,-,313,302,45,1060,265,5,43,0.8466,-526.8,-539.96,13.159,0.0028
239,chr16,54113796,54114103,54114647,54114894,+,307,247,544,1498,216,36,55,0.7036,-671.4,-692.61,21.214,0.0028
240,chr16,56476849,56477152,56478162,56478376,+,303,214,1010,1927,192,57,54,0.6337,-683.4,-717.79,34.387,0.0029
241,chr16,66887670,66887970,66888060,66888362,+,300,302,90,1092,236,0,64,0.7867,-482.54,-497.51,14.966,0.0025
242,chr16,67682963,67683172,67684087,67684402,-,209,315,915,1839,151,16,42,0.7225,-689.2,-722.63,33.43,0.0023
243,chr16,69304651,69304967,69306653,69306959,+,316,306,1686,2708,259,6,51,0.8196,-869.8,-921.17,51.372,0.0026
244,chr16,70376748,70377040,70377209,70377504,-,292,295,169,1156,245,8,39,0.839,-580.9,-598.09,17.188,0.0028
245,chr16,70575166,70575498,70576847,70577147,+,332,300,1349,2381,248,9,75,0.747,-982.8,100000.0,-100982.8,0
246,chr16,72024685,72024988,72026386,72026677,+,303,291,1398,2392,244,1,58,0.8053,-1063.6,100000.0,-101063.6,0
247,chr16,75445320,75445596,75445895,75446199,-,276,304,299,1279,227,0,49,0.8225,-511.12,-528.24,17.117,0.0026
248,chr16,75473890,75474194,75474283,75474574,-,304,291,89,1084,237,18,49,0.7796,-508.7,-523.89,15.194,0.0026
249,chr16,75536861,75537151,75537484,75537784,-,290,300,333,1323,245,7,38,0.8448,-567.97,-588.57,20.602,0.0028
250,chr16,80967330,80967638,80969606,80969906,-,308,300,1968,2976,256,1,51,0.8312,-1104.4,100000.0,-101104.4,0
251,chr16,81029566,81029857,81030466,81030763,+,291,297,609,1597,241,8,42,0.8282,-767.1,100000.0,-100767.1,0
252,chr16,83813374,83813618,83815307,83815526,+,244,219,1689,2552,141,53,50,0.5779,-837.4,-879.57,42.173,0.0026
253,chr17,10676086,10676390,10677024,10677337,-,304,313,634,1651,254,12,38,0.8355,-706.1,-734.2,28.101,0.0027
254,chr17,1572890,1573199,1573615,1573917,-,309,302,416,1427,244,0,65,0.7896,-628.0,-651.91,23.908,0.0025
255,chr17,1705967,1706273,1706483,1706803,-,306,320,210,1236,263,9,34,0.8595,-626.1,-643.89,17.789,0.0027
256,chr17,18271779,18272095,18272683,18272954,-,316,271,588,1575,235,26,55,0.7437,-690.9,-716.26,25.364,0.0027
257,chr17,18524541,18524849,18524882,18525097,-,308,215,33,956,143,103,62,0.4643,-422.9,-437.48,14.581,0.0023
258,chr17,2417058,2417361,2418308,2418612,-,303,304,947,1954,241,8,54,0.7954,-840.3,100000.0,-100840.3,0
259,chr17,27314292,27314569,27314653,27314965,+,277,312,84,1073,239,0,38,0.8628,-509.7,-524.48,14.784,0.0027
261,chr17,28609032,28609303,28609766,28610068,-,271,302,463,1436,230,1,40,0.8487,-591.8,-612.02,20.221,0.0028
262,chr17,31862013,31862305,31862565,31862873,-,292,308,260,1260,262,0,30,0.8973,-617.5,-637.75,20.251,0.0029
263,chr17,32328608,32328918,32329069,32329365,-,310,296,151,1157,266,20,24,0.8581,-636.3,-649.91,13.612,0.0029
264,chr17,3500498,3500803,3501668,3501974,+,305,306,865,1876,256,2,47,0.8393,-760.6,-788.56,27.958,0.0027
265,chr17,35008616,35008930,35010472,35010761,-,314,289,1542,2545,239,11,64,0.7611,-1017.4,100000.0,-101017.4,0
266,chr17,35096578,35096867,35097132,35097416,-,289,284,265,1238,237,13,39,0.8201,-543.9,-563.67,19.769,0.0028
267,chr17,37477465,37477763,37477841,37478140,+,298,299,78,1075,260,0,38,0.8725,-542.4,-559.29,16.895,0.0029
268,chr17,37516661,37516882,37516937,37517230,-,221,293,55,969,152,5,64,0.6878,-337.0,-356.35,19.354,0.0023
269,chr17,37611769,37611986,37612087,37612376,-,217,289,101,1007,0,124,93,0.0,-411.0,-429.87,18.866,0.0
270,chr17,3804264,3804561,3804965,3805262,-,297,297,404,1398,246,11,40,0.8283,-694.1,100000.0,-100694.1,0
271,chr17,39256038,39256344,39256975,39257231,-,306,256,631,1593,222,31,53,0.7255,-655.1,-681.49,26.387,0.0029
272,chr17,39763841,39764154,39764181,39764485,-,313,304,27,1044,247,4,62,0.7891,-489.3,-503.21,13.907,0.0026
273,chr17,40282904,40283192,40283235,40283546,+,288,311,43,1042,209,0,79,0.7257,-474.8,-487.93,13.134,0.0023
274,chr17,41851625,41851931,41852022,41852316,-,306,294,91,1091,231,10,65,0.7549,-454.9,-474.92,20.016,0.0025
275,chr17,42992286,42992591,42993867,42994157,+,305,290,1276,2271,253,13,39,0.8295,-951.9,100000.0,-100951.9,0
276,chr17,43376280,43376579,43376996,43377273,-,299,277,417,1393,238,0,61,0.796,-633.7,-656.0,22.296,0.0029
277,chr17,44302028,44302331,44302583,44302832,-,303,249,252,1204,210,21,72,0.6931,-495.2,-512.14,16.937,0.0028
278,chr17,44799208,44799505,44799636,44799922,-,297,286,131,1114,228,0,69,0.7677,-445.7,-465.51,19.815,0.0027
279,chr17,49834160,49834444,49834778,49835026,+,284,248,334,1266,172,36,76,0.6056,-477.5,-502.2,24.703,0.0025
280,chr17,5027118,5027429,5027696,5027977,+,311,281,267,1259,247,4,60,0.7942,-537.1,-556.59,19.486,0.0028
281,chr17,50964310,50964604,50964747,50965060,-,294,313,143,1150,248,3,43,0.8435,-525.7,-545.9,20.197,0.0027
282,chr17,5213259,5213536,5213564,5213857,-,277,293,28,998,201,20,56,0.7256,-441.5,-454.58,13.078,0.0025
283,chr17,57836674,57836978,57837692,57838002,-,304,310,714,1728,0,232,72,0.0,-661.6,-691.18,29.575,0.0
284,chr17,59203212,59203524,59203578,59203852,+,312,274,54,1040,230,28,54,0.7372,-497.2,-512.99,15.789,0.0027
285,chr17,59274536,59274801,59274843,59275141,+,265,298,42,1005,236,2,27,0.8906,-547.6,-560.26,12.658,0.003
286,chr17,61680060,61680366,61680476,61680778,-,306,302,110,1118,248,11,47,0.8105,-553.74,-567.87,14.127,0.0027
287,chr17,64322087,64322404,64322713,64323006,-,317,293,309,1319,256,14,47,0.8076,-637.9,-657.44,19.54,0.0027
288,chr17,66888262,66888566,66889010,66889256,+,304,246,444,1394,228,26,50,0.75,-724.0,100000.0,-100724.0,0
289,chr17,67338575,67338873,67339107,67339398,-,298,291,234,1223,258,0,40,0.8658,-563.6,-583.69,20.087,0.0029
290,chr17,73173846,73174157,73175294,73175594,+,311,300,1137,2148,277,3,31,0.8907,-922.1,100000.0,-100922.1,0
291,chr17,75943948,75944249,75944747,75945045,-,301,298,498,1497,250,10,41,0.8306,-660.4,-685.95,25.548,0.0028
292,chr17,76675388,76675634,76676481,76676754,-,246,273,847,1766,143,71,32,0.5813,-714.0,-743.95,29.947,0.0021
293,chr17,78108844,78109082,78109784,78110083,-,238,299,702,1639,168,8,62,0.7059,-716.1,-740.89,24.795,0.0024
294,chr17,78261342,78261658,78261800,78262100,-,316,300,142,1158,257,2,57,0.8133,-670.8,100000.0,-100670.8,0
295,chr17,80320354,80320689,80320716,80321006,+,335,290,27,1052,227,38,70,0.6776,-445.8,-461.75,15.945,0.0023
296,chr17,82389513,82389792,82389820,82390039,-,279,219,28,926,170,47,62,0.6093,-400.3,-414.08,13.778,0.0028
297,chr17,82655946,82656244,82656731,82657042,-,298,311,487,1496,250,8,40,0.8389,-711.9,100000.0,-100711.9,0
298,chr18,11882405,11882704,11883689,11883990,+,299,301,985,1985,265,3,31,0.8863,-761.6,-790.41,28.814,0.0029
299,chr18,21632180,21632472,21632821,21633149,+,292,328,349,1369,265,2,25,0.9075,-631.5,-656.37,24.871,0.0027
300,chr18,23296302,23296607,23297239,23297540,-,305,301,632,1638,221,8,76,0.7246,-541.1,-569.98,28.875,0.0023
301,chr18,24478414,24478679,24478679,24478890,+,265,211,0,876,34,164,67,0.1283,-368.3,-382.48,14.181,0.0006
302,chr18,316941,317251,317970,318278,-,310,308,719,1737,260,10,40,0.8387,-802.8,100000.0,-100802.8,0
303,chr18,32071133,32071432,32071902,32072206,+,299,304,470,1473,232,15,52,0.7759,-543.0,-568.16,25.164,0.0026
304,chr18,35247666,35247969,35248558,35248860,+,303,302,589,1594,245,9,49,0.8086,-574.4,-603.3,28.9,0.0026
305,chr18,35258589,35258899,35259192,35259479,+,310,287,293,1290,239,0,71,0.771,-593.9,-607.77,13.871,0.0027
307,chr18,36270434,36270730,36270819,36271125,+,296,306,89,1091,246,3,47,0.8311,-511.0,-528.09,17.091,0.0027
308,chr18,46669789,46670081,46670439,46670729,-,292,290,358,1340,227,13,52,0.7774,-563.7,-583.8,20.102,0.0026
309,chr18,46807384,46807696,46809472,46809774,-,312,302,1776,2790,269,0,43,0.8622,-958.5,100000.0,-100958.5,0
310,chr18,47812933,47813240,47813404,47813705,-,307,301,164,1172,263,17,27,0.8567,-636.0,-650.71,14.715,0.0028
311,chr18,49477499,49477800,49478035,49478255,-,301,220,235,1156,0,231,70,0.0,-487.8,-506.28,18.478,0.0
312,chr18,49594128,49594434,49595551,49595827,+,306,276,1117,2099,250,24,32,0.817,-867.07,100000.0,-100867.07,0
313,chr18,50950517,50950788,50951596,50951896,+,271,300,808,1779,215,0,56,0.7934,-681.5,-709.81,28.307,0.0027
314,chr18,57547627,57547935,57547968,57548275,-,308,307,33,1048,258,0,50,0.8377,-505.9,-520.78,14.884,0.0027
315,chr18,58752498,58752809,58753188,58753506,+,311,318,379,1408,225,0,86,0.7235,-539.9,-561.94,22.039,0.0022
316,chr18,62385482,62385785,62387838,62388086,+,303,248,2053,3004,156,51,96,0.5149,-947.5,-998.62,51.121,0.0023
317,chr18,67507067,67507375,67508719,67509033,-,308,314,1344,2366,272,0,36,0.8831,-846.9,-889.15,42.246,0.0028
318,chr18,69858718,69858962,69859790,69860095,-,244,305,828,1777,197,0,47,0.8074,-611.6,-644.04,32.44,0.0026
319,chr18,74250885,74251195,74252707,74253002,-,310,295,1512,2517,268,0,42,0.8645,-996.8,100000.0,-100996.8,0
320,chr18,80158563,80158853,80158991,80159286,-,290,295,138,1123,250,0,40,0.8621,-605.6,-621.34,15.741,0.0029
321,chr19,11834119,11834425,11834789,11835070,+,306,281,364,1351,223,16,67,0.7288,-584.7,-604.7,19.997,0.0026
322,chr19,11913382,11913688,11914051,11914329,+,306,278,363,1347,236,5,65,0.7712,-536.1,-560.1,23.998,0.0027
323,chr19,12078855,12079149,12079378,12079657,+,294,279,229,1202,242,1,51,0.8231,-577.6,-594.12,16.519,0.0029
324,chr19,12631449,12631754,12631965,12632262,+,305,297,211,1213,253,2,50,0.8295,-571.6,-589.35,17.75,0.0027
325,chr19,13773357,13773646,13773668,13773950,+,289,282,22,993,103,121,65,0.3564,-440.1,-455.38,15.28,0.0012
326,chr19,13835344,13835653,13837775,13838087,-,309,312,2122,3143,283,0,26,0.9159,-1778.1,100000.0,-101778.1,0
327,chr19,15660719,15660996,15661990,15662301,+,277,311,994,1982,239,7,31,0.8628,-762.4,-796.98,34.583,0.0027
328,chr19,16244582,16244837,16244915,16245195,+,255,280,78,1013,222,2,31,0.8706,-566.9,-581.98,15.081,0.0031
329,chr19,16550448,16550730,16551748,16552043,-,282,295,1018,1995,248,0,34,0.8794,-881.5,100000.0,-100881.5,0
330,chr19,17552066,17552378,17552648,17552862,+,312,214,270,1196,68,167,77,0.2179,-568.1,-586.81,18.71,0.001
331,chr19,1777713,1778018,1778106,1778382,+,305,276,88,1069,207,18,80,0.6787,-509.4,-524.97,15.566,0.0025
332,chr19,18366463,18366770,18366871,18367175,+,307,304,101,1112,255,0,52,0.8306,-543.1,-561.16,18.063,0.0027
333,chr19,19681468,19681753,19681911,19682222,+,285,311,158,1154,244,0,41,0.8561,-503.8,-524.28,20.483,0.0027
334,chr19,19756509,19756815,19757108,19757430,-,306,322,293,1321,270,1,35,0.8824,-688.7,100000.0,-100688.7,0
335,chr19,20198510,20198808,20199448,20199723,+,298,275,640,1613,230,13,55,0.7718,-709.5,-737.66,28.158,0.0028
336,chr19,20540479,20540771,20541442,20541725,-,292,283,671,1646,234,11,47,0.8014,-620.5,-648.48,27.984,0.0028
337,chr19,20621130,20621420,20621904,20622223,-,290,319,484,1493,243,1,46,0.8379,-588.4,-613.69,25.29,0.0026
338,chr19,21122873,21123170,21123340,21123654,+,297,314,170,1181,254,0,43,0.8552,-501.7,-518.08,16.38,0.0027
339,chr19,21190654,21190955,21191172,21191466,+,301,294,217,1212,258,0,43,0.8571,-547.7,-564.18,16.475,0.0029
340,chr19,21291584,21291888,21292037,21292329,-,304,292,149,1145,258,4,42,0.8487,-562.0,-576.75,14.752,0.0029
341,chr19,21376549,21376823,21377025,21377319,+,274,294,202,1170,192,39,43,0.7007,-450.7,-470.07,19.373,0.0023
342,chr19,21385174,21385484,21386721,21387004,+,310,283,1237,2230,244,8,58,0.7871,-726.24,-772.83,46.59,0.0027
343,chr19,21538315,21538629,21539422,21539730,+,314,308,793,1815,260,0,54,0.828,-646.1,-678.72,32.616,0.0026
344,chr19,21805183,21805473,21806169,21806463,-,290,294,696,1680,195,34,61,0.6724,-619.8,-649.29,29.494,0.0025
345,chr19,21967442,21967685,21968902,21969123,-,243,221,1217,2081,178,23,42,0.7325,-569.6,-609.69,40.086,0.0033
346,chr19,22666176,22666487,22666946,22667254,+,311,308,459,1478,249,16,46,0.8006,-610.7,-634.62,23.922,0.0026
347,chr19,23257790,23258066,23258331,23258617,-,276,286,265,1227,226,20,30,0.8188,-611.9,-628.79,16.894,0.0028
348,chr19,23920421,23920712,23921015,23921295,+,291,280,303,1274,241,7,43,0.8282,-564.7,-584.97,20.265,0.0029
349,chr19,23924045,23924353,23924602,23924903,+,308,301,249,1258,226,0,82,0.7338,-389.9,-412.51,22.607,0.0024
350,chr19,2835190,2835487,2835809,2836130,+,297,321,322,1340,234,6,57,0.7879,-596.2,-617.66,21.459,0.0024
351,chr19,2855286,2855573,2856210,2856504,+,287,294,637,1618,233,12,42,0.8118,-644.3,-672.08,27.782,0.0028
352,chr19,2880486,2880772,2880869,2881165,+,286,296,97,1079,257,0,29,0.8986,-561.6,-575.27,13.674,0.003
353,chr19,32877775,32878079,32878685,32878989,-,304,304,606,1614,215,33,56,0.7072,-731.0,100000.0,-100731.0,0
354,chr19,34469972,34470264,34470524,34470821,+,292,297,260,1249,257,0,35,0.8801,-637.7,-655.77,18.068,0.0029
355,chr19,34506939,34507246,34508076,34508374,+,307,298,830,1835,263,1,43,0.8567,-820.5,100000.0,-100820.5,0
356,chr19,35036774,35037050,35037663,35037971,+,276,308,613,1597,225,0,51,0.8152,-750.1,100000.0,-100750.1,0
357,chr19,35769897,35770201,35770596,35770820,+,304,224,395,1323,9,170,125,0.0296,-600.6,-622.03,21.435,0.0001
358,chr19,36319813,36320108,36320478,36320792,-,295,314,370,1379,267,1,27,0.9051,-665.5,-683.06,17.556,0.0029
359,chr19,36338009,36338289,36338403,36338644,-,280,241,114,1035,204,25,51,0.7286,-454.7,-472.11,17.414,0.003
360,chr19,36445538,36445839,36446258,36446545,-,301,287,419,1407,237,17,47,0.7874,-539.34,-566.56,27.224,0.0027
361,chr19,36629656,36629937,36630351,36630632,+,281,281,414,1376,215,9,57,0.7651,-531.3,-554.08,22.784,0.0027
362,chr19,36746420,36746648,36746871,36747174,-,228,303,223,1154,209,0,19,0.9167,-533.2,-552.18,18.977,0.003
363,chr19,36888801,36889056,36890565,36890878,-,255,313,1509,2477,232,0,23,0.9098,-763.57,-803.98,40.408,0.0029
364,chr19,37245010,37245289,37245463,37245772,+,279,309,174,1162,252,0,27,0.9032,-577.5,-593.53,16.025,0.0029
365,chr19,37391287,37391588,37392380,37392688,+,301,308,792,1801,246,5,50,0.8173,-654.3,-685.85,31.545,0.0026
366,chr19,37485401,37485722,37485760,37486072,+,321,312,38,1071,266,6,49,0.8287,-546.9,-561.5,14.602,0.0027
367,chr19,37538275,37538606,37540001,37540289,+,331,288,1395,2414,221,39,71,0.6677,-798.1,-843.56,45.457,0.0024
368,chr19,37632890,37633188,37633354,37633649,-,298,295,166,1159,257,0,41,0.8624,-565.3,-581.14,15.843,0.0029
369,chr19,38867933,38868244,38868354,38868646,-,311,292,110,1113,234,7,70,0.7524,-496.8,-512.94,16.141,0.0025
370,chr19,39180446,39180743,39182534,39182841,+,297,307,1791,2795,0,258,39,0.0,-1299.0,100000.0,-101299.0,0
371,chr19,39400096,39400388,39400640,39400928,+,292,288,252,1232,203,27,62,0.6952,-512.3,-534.69,22.389,0.0024
372,chr19,39427337,39427629,39427920,39428234,+,292,314,291,1297,253,5,34,0.8664,-664.6,-683.67,19.074,0.0027
373,chr19,39490377,39490688,39490740,39491045,+,311,305,52,1068,184,53,74,0.5916,-547.3,-563.64,16.345,0.002
374,chr19,40016238,40016536,40017966,40018269,+,298,303,1430,2431,233,16,49,0.7819,-838.4,-885.27,46.872,0.0026
375,chr19,40031232,40031521,40032436,40032743,-,289,307,915,1911,248,0,41,0.8581,-730.9,-763.38,32.483,0.0028
376,chr19,43585245,43585539,43587047,43587346,-,294,299,1508,2501,255,0,39,0.8673,-1056.6,100000.0,-101056.6,0
377,chr19,43850435,43850725,43851434,43851737,+,290,303,709,1702,254,1,35,0.8759,-689.4,-716.75,27.347,0.0029
378,chr19,44159174,44159473,44159751,44160048,+,299,297,278,1274,239,2,58,0.7993,-537.4,-555.71,18.315,0.0027
379,chr19,44382292,44382572,44384710,44385023,-,280,313,2138,3131,232,0,48,0.8286,-1007.1,100000.0,-101007.1,0
380,chr19,44664231,44664508,44665364,44665660,+,277,296,856,1829,225,0,52,0.8123,-744.1,-775.16,31.055,0.0027
381,chr19,45549487,45549765,45549875,45550186,-,278,311,110,1099,227,0,51,0.8165,-574.2,-589.87,15.672,0.0026
382,chr19,45703334,45703627,45703671,45703974,+,293,303,44,1040,253,8,32,0.8635,-611.7,-623.33,11.631,0.0029
383,chr19,46518987,46519296,46519709,46520009,-,309,300,413,1422,239,0,70,0.7735,-546.5,-569.98,23.483,0.0025
384,chr19,4653474,4653797,4654341,4654607,+,323,266,544,1533,144,78,101,0.4458,-734.9,100000.0,-100734.9,0
385,chr19,47342080,47342376,47342376,47342680,+,296,304,0,1000,266,0,30,0.8986,-609.8,-621.63,11.832,0.0029
386,chr19,47840703,47841013,47842299,47842605,+,310,306,1286,2302,267,4,39,0.8613,-1034.9,100000.0,-101034.9,0
387,chr19,4797158,4797456,4797651,4797948,+,298,297,195,1190,0,250,48,0.0,-617.4,-634.24,16.838,0.0
388,chr19,48704139,48704451,48705098,48705408,+,312,310,647,1669,281,0,31,0.9006,-837.2,100000.0,-100837.2,0
389,chr19,49948984,49949285,49949560,49949848,-,301,288,275,1264,218,6,77,0.7243,-568.9,-589.03,20.126,0.0025
390,chr19,49973746,49974045,49974575,49974871,+,299,296,530,1525,271,0,28,0.9064,-786.9,100000.0,-100786.9,0
391,chr19,50486203,50486485,50488011,50488325,+,282,314,1526,2522,249,0,33,0.883,-1117.8,100000.0,-101117.8,0
392,chr19,51518328,51518631,51519014,51519317,-,303,303,383,1389,252,1,50,0.8317,-595.6,-619.4,23.799,0.0027
393,chr19,51685538,51685815,51687024,51687258,-,277,234,1209,2120,152,54,71,0.5487,-690.5,-731.96,41.456,0.0024
395,chr19,52031715,52031994,52032435,52032734,-,279,299,441,1419,246,0,33,0.8817,-599.41,-620.52,21.112,0.0029
396,chr19,52154043,52154344,52154379,52154682,-,301,303,35,1039,255,2,44,0.8472,-520.1,-536.03,15.931,0.0028
397,chr19,52291792,52292089,52293173,52293474,+,297,301,1084,2082,0,183,114,0.0,-748.9,-783.75,34.853,0.0
398,chr19,52440899,52441202,52441234,52441528,+,303,294,32,1029,223,19,61,0.736,-462.3,-475.9,13.601,0.0024
399,chr19,52513021,52513320,52513448,52513746,+,299,298,128,1125,236,8,55,0.7893,-523.9,-538.32,14.422,0.0026
400,chr19,52859904,52860211,52860319,52860625,-,307,306,108,1121,250,2,55,0.8143,-455.7,-471.86,16.158,0.0026
401,chr19,52876508,52876796,52876828,52877129,-,288,301,32,1021,212,7,69,0.7361,-388.5,-408.17,19.665,0.0024
402,chr19,52927137,52927417,52927444,52927753,-,280,309,27,1016,227,0,53,0.8107,-506.5,-519.32,12.821,0.0026
403,chr19,53162572,53162869,53163031,53163332,-,297,301,162,1160,271,0,26,0.9125,-630.1,-647.6,17.504,0.003
404,chr19,53355255,53355593,53356255,53356552,+,338,297,662,1697,188,59,91,0.5562,-639.3,-670.62,31.325,0.0019
405,chr19,53449690,53449982,53450022,53450320,+,292,298,40,1030,228,0,64,0.7808,-428.8,-446.18,17.377,0.0026
406,chr19,53494740,53495034,53495213,53495517,+,294,304,179,1177,0,188,106,0.0,-557.8,-575.73,17.933,0.0
407,chr19,53986456,53986721,53987058,53987369,+,265,311,337,1313,232,4,29,0.8755,-655.1,-676.28,21.178,0.0028
408,chr19,54352876,54353176,54353727,54354032,-,300,305,551,1556,270,0,30,0.9,-756.6,100000.0,-100756.6,0
409,chr19,54588322,54588620,54588675,54588964,+,298,289,55,1042,256,1,41,0.8591,-571.5,-582.85,11.348,0.003
410,chr19,55389138,55389343,55390214,55390485,+,205,271,871,1747,158,6,41,0.7707,-700.7,-728.88,28.182,0.0028
411,chr19,55701170,55701465,55701956,55702260,+,295,304,491,1490,264,7,24,0.8949,-818.9,100000.0,-100818.9,0
412,chr19,57221048,57221348,57222075,57222368,+,300,293,727,1720,263,7,30,0.8767,-798.0,100000.0,-100798.0,0
413,chr19,57607347,57607643,57608806,57609040,+,296,234,1163,2093,204,36,56,0.6892,-813.9,-848.46,34.564,0.0029
414,chr19,57699093,57699384,57699689,57699997,-,291,308,305,1304,254,0,37,0.8729,-648.0,-666.32,18.321,0.0028
415,chr19,57844980,57845278,57845731,57845983,+,298,252,453,1403,209,26,63,0.7013,-539.8,-563.24,23.438,0.0027
416,chr19,57863762,57864057,57864128,57864430,+,295,302,71,1068,255,1,39,0.8644,-523.2,-537.77,14.57,0.0028
417,chr19,57906481,57906781,57906845,57907150,-,300,305,64,1069,260,0,40,0.8667,-539.1,-552.75,13.653,0.0028
418,chr19,58126662,58126952,58127222,58127498,-,290,276,270,1236,240,10,40,0.8276,-574.5,-592.99,18.49,0.003
419,chr19,58299116,58299411,58299487,58299784,+,295,297,76,1068,277,0,18,0.939,-705.1,100000.0,-100705.1,0
420,chr19,5909471,5909789,5910420,5910675,+,318,255,631,1604,230,27,61,0.7233,-780.6,100000.0,-100780.6,0
421,chr19,7086352,7086659,7086743,7087035,+,307,292,84,1083,249,18,40,0.8111,-546.0,-559.02,13.025,0.0028
422,chr19,7683643,7683946,7684263,7684558,+,303,295,317,1315,245,3,55,0.8086,-778.5,100000.0,-100778.5,0
423,chr19,8509681,8509984,8510008,8510317,-,303,309,24,1036,262,0,41,0.8647,-580.3,-591.85,11.553,0.0028
424,chr19,8808093,8808331,8808764,8809078,-,238,314,433,1385,202,6,30,0.8487,-561.1,-584.5,23.403,0.0027
425,chr19,9291707,9292001,9292854,9293152,-,294,298,853,1845,269,7,18,0.915,-850.3,100000.0,-100850.3,0
426,chr19,9524967,9525278,9525502,9525786,-,311,284,224,1219,274,2,35,0.881,-728.5,100000.0,-100728.5,0
427,chr19,9561604,9561920,9562161,9562462,-,316,301,241,1258,244,0,72,0.7722,-504.3,-522.63,18.332,0.0025
428,chr19,9642301,9642576,9642745,9643066,-,275,321,169,1165,211,0,64,0.7673,-451.5,-467.51,16.006,0.0024
429,chr1,100027169,100027470,100027941,100028238,+,301,297,471,1469,231,8,62,0.7674,-487.4,-516.53,29.127,0.0025
430,chr1,100187532,100187746,100189058,100189370,-,214,312,1312,2238,176,3,35,0.8224,-677.0,-718.66,41.66,0.0026
431,chr1,10459962,10460261,10460262,10460518,-,299,256,1,956,225,14,60,0.7525,-522.1,-534.46,12.363,0.0029
432,chr1,108931990,108932283,108932910,108933150,-,293,240,627,1560,201,36,56,0.686,-572.6,-604.07,31.469,0.0028
433,chr1,109203594,109203905,109203930,109204222,+,311,292,25,1028,242,0,69,0.7781,-506.6,-521.2,14.604,0.0026
434,chr1,109596343,109596649,109597179,109597451,+,306,272,530,1508,245,22,39,0.8007,-690.1,-710.37,20.273,0.0029
436,chr1,111617453,111617733,111617762,111618054,-,280,292,29,1001,246,1,33,0.8786,-568.9,-578.94,10.037,0.003
438,chr1,11297949,11298253,11298285,11298569,+,304,284,32,1020,249,23,32,0.8191,-567.2,-579.22,12.022,0.0029
439,chr1,113129038,113129328,113129898,113130184,+,290,286,570,1546,224,2,64,0.7724,-566.2,-591.87,25.672,0.0026
440,chr1,113878843,113879148,113880344,113880637,-,305,293,1196,2194,259,5,41,0.8492,-837.7,100000.0,-100837.7,0
441,chr1,114583524,114583825,114584261,114584575,-,301,314,436,1451,276,3,22,0.9169,-689.7,-710.35,20.645,0.0029
442,chr1,11721839,11722146,11722814,11723126,+,307,312,668,1687,152,70,85,0.4951,-808.2,100000.0,-100808.2,0
443,chr1,117961001,117961307,117963361,117963663,+,306,302,2054,3062,191,49,66,0.6242,-1052.3,100000.0,-101052.3,0
444,chr1,12761531,12761834,12762904,12763209,+,303,305,1070,2078,255,2,46,0.8416,-959.4,100000.0,-100959.4,0
445,chr1,145745196,145745430,145745459,145745753,-,234,294,29,957,197,0,37,0.8419,-457.7,-470.41,12.714,0.0029
446,chr1,145921946,145922220,145922926,145923228,-,274,302,706,1682,238,4,32,0.8686,-632.6,-658.38,25.779,0.0029
447,chr1,1497208,1497508,1497584,1497873,+,300,289,76,1065,187,38,75,0.6233,-490.1,-507.27,17.167,0.0021
448,chr1,150731105,150731403,150731917,150732209,-,298,292,514,1504,227,4,67,0.7617,-507.5,-533.2,25.698,0.0025
449,chr1,151123570,151123855,151124149,151124446,+,285,297,294,1276,221,14,50,0.7754,-607.7,-625.06,17.356,0.0026
451,chr1,154164173,154164458,154165099,154165406,-,285,307,641,1633,242,0,43,0.8491,-633.5,-666.04,32.544,0.0027
452,chr1,154482010,154482313,154483709,154484014,-,303,305,1396,2404,205,33,65,0.6766,-896.1,100000.0,-100896.1,0
454,chr1,15571946,15572166,15572352,15572659,-,220,307,186,1113,204,0,16,0.9273,-551.0,-566.94,15.944,0.003
455,chr1,155881722,155882028,155883251,155883538,+,306,287,1223,2216,248,14,44,0.8105,-862.8,100000.0,-100862.8,0
456,chr1,160026558,160026845,160026857,160027114,-,287,257,12,956,190,19,78,0.662,-360.07,-375.09,15.022,0.0026
457,chr1,16007440,16007735,16008510,16008841,+,295,331,775,1801,246,0,49,0.8339,-743.0,-773.27,30.265,0.0025
458,chr1,161186716,161187010,161187941,161188230,-,294,289,931,1914,230,8,56,0.7823,-829.8,100000.0,-100829.8,0
459,chr1,161370112,161370418,161370840,161371116,+,306,276,422,1404,202,21,83,0.6601,-462.5,-489.13,26.627,0.0024
460,chr1,1663479,1663768,1663911,1664197,-,289,286,143,1118,220,6,63,0.7612,-501.2,-518.35,17.149,0.0027
461,chr1,168249249,168249535,168251021,168251335,+,286,314,1486,2486,250,0,36,0.8741,-990.0,100000.0,-100990.0,0
462,chr1,1729389,1729678,1729821,1730103,-,289,282,143,1114,218,7,64,0.7543,-499.5,-518.76,19.261,0.0027
463,chr1,173873973,173874277,173874338,173874650,+,304,312,61,1077,263,0,41,0.8651,-535.7,-551.52,15.821,0.0027
465,chr1,179073305,179073622,179074908,179075204,+,317,296,1286,2299,266,16,35,0.8391,-931.5,100000.0,-100931.5,0
466,chr1,179357204,179357499,179357612,179357848,+,295,236,113,1044,199,32,64,0.6746,-473.3,-488.8,15.496,0.0028
467,chr1,179859826,179860134,179860204,179860498,-,308,294,70,1072,227,10,71,0.737,-519.2,-534.33,15.131,0.0025
468,chr1,182380304,182380595,182380967,182381279,-,291,312,372,1375,203,14,74,0.6976,-508.8,-532.62,23.818,0.0022
469,chr1,184791959,184792240,184793278,184793583,-,281,305,1038,2024,216,3,62,0.7687,-709.4,-745.47,36.072,0.0025
470,chr1,19216691,19216989,19217265,19217529,-,298,264,276,1238,226,20,52,0.7584,-527.6,-546.16,18.56,0.0028
471,chr1,19628066,19628374,19628401,19628701,+,308,300,27,1035,244,0,64,0.7922,-529.5,-541.97,12.471,0.0027
472,chr1,202582605,202582914,202585028,202585296,+,309,268,2114,3091,198,16,95,0.6408,-1019.5,100000.0,-101019.5,0
473,chr1,204552004,204552305,204552325,204552621,+,301,296,20,1017,255,8,38,0.8472,-523.7,-539.06,15.361,0.0028
474,chr1,20649482,20649786,20651801,20652124,-,304,323,2015,3042,261,1,42,0.8586,-1143.8,100000.0,-101143.8,0
475,chr1,206650295,206650559,206653010,206653317,+,264,307,2451,3422,223,5,36,0.8447,-1209.5,100000.0,-101209.5,0
476,chr1,212732316,212732593,212733156,212733452,-,277,296,563,1536,225,0,52,0.8123,-571.5,-596.39,24.888,0.0027
477,chr1,220057895,220058193,220058528,220058828,-,298,300,335,1333,248,1,49,0.8322,-542.4,-564.53,22.133,0.0027
478,chr1,221330193,221330488,221330579,221330870,-,295,291,91,1077,228,8,59,0.7729,-419.3,-436.23,16.926,0.0026
479,chr1,225490331,225490576,225491146,225491442,-,245,296,570,1511,216,6,23,0.8816,-659.5,-685.11,25.609,0.003
480,chr1,228074630,228074920,228076543,228076844,-,290,301,1623,2614,218,7,65,0.7517,-1143.4,100000.0,-101143.4,0
481,chr1,228179873,228180184,228180652,228180939,+,311,287,468,1466,223,33,55,0.717,-628.7,-652.4,23.7,0.0026
482,chr1,231815456,231815766,231817089,231817382,-,310,293,1323,2326,238,28,44,0.7677,-743.8,-786.72,42.921,0.0026
483,chr1,235463562,235463866,235464556,235464784,-,304,228,690,1622,180,57,67,0.5921,-513.37,-543.13,29.764,0.0025
484,chr1,235826682,235826967,235827082,235827385,-,285,303,115,1103,232,7,46,0.814,-455.8,-474.69,18.888,0.0026
485,chr1,23871850,23872156,23873238,23873535,-,306,297,1082,2085,264,1,41,0.8627,-852.1,100000.0,-100852.1,0
486,chr1,244967766,244968053,244968400,244968714,-,287,314,347,1348,225,2,60,0.784,-510.5,-533.09,22.593,0.0025
487,chr1,24537616,24537909,24538421,24538714,+,293,293,512,1498,244,7,42,0.8328,-635.8,-662.24,26.436,0.0028
488,chr1,24606984,24607300,24607582,24607876,+,316,294,282,1292,251,11,54,0.7943,-577.9,-596.68,18.782,0.0027
489,chr1,26162859,26163159,26163332,26163643,+,300,311,173,1184,267,0,33,0.89,-683.3,100000.0,-100683.3,0
490,chr1,26428532,26428837,26428886,26429188,+,305,302,49,1056,243,9,53,0.7967,-532.0,-549.63,17.629,0.0027
491,chr1,26877753,26878043,26878292,26878580,-,290,288,249,1227,255,1,34,0.8793,-629.6,-647.88,18.284,0.003
492,chr1,28335029,28335339,28335540,28335837,+,310,297,201,1208,264,8,38,0.8516,-610.9,-628.92,18.016,0.0028
493,chr1,28498800,28499086,28499128,28499434,+,286,306,42,1034,246,0,40,0.8601,-518.0,-532.3,14.3,0.0028
494,chr1,28717185,28717489,28718319,28718613,+,304,294,830,1828,225,7,72,0.7401,-638.3,-668.87,30.572,0.0025
495,chr1,28867194,28867504,28868559,28868864,+,310,305,1055,2070,267,2,41,0.8613,-967.2,100000.0,-100967.2,0
496,chr1,32493143,32493439,32493477,32493718,+,296,241,38,975,206,35,55,0.6959,-459.57,-473.92,14.354,0.0029
497,chr1,32602047,32602348,32602540,32602850,+,301,310,192,1203,268,0,33,0.8904,-579.4,-598.51,19.107,0.0029
498,chr1,32683001,32683285,32683620,32683932,+,284,312,335,1331,233,1,50,0.8204,-591.6,-611.1,19.498,0.0026
499,chr1,35602051,35602354,35602499,35602794,-,303,295,145,1143,235,10,58,0.7756,-517.3,-534.62,17.322,0.0026
500,chr1,35732958,35733267,35733696,35733984,-,309,288,429,1426,234,12,63,0.7573,-576.1,-599.86,23.761,0.0026
501,chr1,36063804,36064045,36064097,36064407,+,241,310,52,1003,185,0,56,0.7676,-389.5,-404.89,15.393,0.0025
502,chr1,37491427,37491696,37492034,37492327,-,269,293,338,1300,50,126,93,0.1859,-616.6,-637.73,21.13,0.0006
503,chr1,37535089,37535415,37535812,37536107,-,326,295,397,1418,247,23,56,0.7577,-669.2,-691.43,22.226,0.0026
504,chr1,37860831,37861128,37861443,37861753,-,297,310,315,1322,228,22,47,0.7677,-595.7,-613.7,17.995,0.0024
505,chr1,3813254,3813543,3813570,3813867,-,289,297,27,1013,249,3,37,0.8616,-573.1,-584.53,11.427,0.0029
506,chr1,42654407,42654691,42654712,42654989,+,284,277,21,982,228,19,37,0.8028,-462.47,-478.51,16.044,0.0029
507,chr1,42777088,42777386,42779096,42779395,+,298,299,1710,2707,247,6,45,0.8289,-1041.8,100000.0,-101041.8,0
508,chr1,45509416,45509711,45509800,45510092,+,295,292,89,1076,261,0,34,0.8847,-596.4,-609.78,13.375,0.003
509,chr1,50437378,50437671,50437740,50438049,-,293,309,69,1071,216,1,76,0.7372,-447.2,-463.48,16.283,0.0024
510,chr1,52350749,52351046,52351604,52351905,-,297,301,558,1556,236,8,53,0.7946,-674.5,-698.19,23.688,0.0027
511,chr1,52893482,52893767,52893799,52894110,+,285,311,32,1028,254,0,31,0.8912,-553.9,-568.22,14.323,0.0028
512,chr1,54099956,54100271,54101631,54101934,+,315,303,1360,2378,244,1,70,0.7746,-868.0,100000.0,-100868.0,0
513,chr1,54638371,54638652,54638910,54639222,+,281,312,258,1251,242,5,34,0.8612,-567.0,-583.76,16.765,0.0027
515,chr1,62161331,62161638,62162666,62162961,+,307,295,1028,2030,267,6,34,0.8697,-811.6,nan,nan,0
516,chr1,6222138,6222443,6223098,6223406,-,305,308,655,1668,252,14,39,0.8262,-812.4,100000.0,-100812.4,0
517,chr1,6523298,6523603,6524738,6525038,-,305,300,1135,2140,262,0,43,0.859,-979.5,100000.0,-100979.5,0
518,chr1,70127952,70128260,70128964,70129262,+,308,298,704,1710,263,1,44,0.8539,-714.2,-739.02,24.816,0.0028
520,chr1,7918383,7918666,7919225,7919521,-,283,296,559,1538,207,38,38,0.7314,-709.1,-731.99,22.891,0.0025
521,chr1,85651235,85651535,85653484,85653757,-,300,273,1949,2922,192,23,85,0.64,-721.5,-778.36,56.864,0.0022
522,chr1,89182481,89182759,89183597,89183901,-,278,304,838,1820,218,0,60,0.7842,-581.3,-617.43,36.134,0.0025
523,chr1,89385541,89385832,89387650,89387952,+,291,302,1818,2811,241,4,46,0.8282,-964.7,100000.0,-100964.7,0
524,chr1,9036180,9036385,9036558,9036869,-,205,311,173,1089,144,4,57,0.7024,-459.3,-480.98,21.676,0.0023
525,chr1,9100809,9101032,9101051,9101355,-,223,304,19,946,155,18,50,0.6951,-422.8,-438.73,15.93,0.0023
526,chr1,9148953,9149200,9149256,9149536,-,247,280,56,983,200,6,41,0.8097,-464.9,-477.78,12.878,0.0029
527,chr1,92396656,92396939,92397107,92397409,+,283,302,168,1153,238,0,45,0.841,-534.0,-550.16,16.158,0.0027
528,chr1,9266824,9267119,9267971,9268266,+,295,295,852,1842,222,11,62,0.7525,-793.5,100000.0,-100793.5,0
529,chr1,93364842,93365156,93366721,93367009,+,314,288,1565,2567,210,55,49,0.6688,-860.6,-907.78,47.177,0.0021
530,chr1,94978060,94978360,94979002,94979318,-,300,316,642,1658,266,0,34,0.8867,-701.9,-728.7,26.795,0.0028
531,chr1,9583735,9584010,9584396,9584698,+,275,302,386,1363,232,4,39,0.8436,-626.0,-646.92,20.919,0.0028
532,chr1,9927678,9927971,9928029,9928321,-,293,292,58,1043,241,2,50,0.8225,-551.1,-562.39,11.285,0.0028
533,chr1,9983372,9983669,9984050,9984346,+,297,296,381,1374,267,0,30,0.899,-761.7,100000.0,-100761.7,0
534,chr20,13819357,13819666,13820411,13820707,+,309,296,745,1750,246,0,63,0.7961,-655.4,-684.92,29.518,0.0026
535,chr20,18487669,18487955,18488272,18488565,-,286,293,317,1296,235,0,51,0.8217,-526.0,-546.32,20.323,0.0028
536,chr20,25447028,25447335,25447848,25448139,+,307,291,513,1511,257,10,40,0.8371,-606.9,-634.91,28.006,0.0028
537,chr20,3108111,3108407,3108663,3108954,-,296,291,256,1243,234,6,56,0.7905,-576.9,-595.74,18.841,0.0027
538,chr20,33645991,33646299,33646573,33646884,+,308,311,274,1293,236,24,48,0.7662,-605.5,-621.4,15.898,0.0025
539,chr20,33704990,33705289,33705319,33705627,-,299,308,30,1037,269,2,28,0.8997,-589.0,-601.76,12.763,0.0029
541,chr20,36781253,36781558,36781833,36782127,-,305,294,275,1274,262,3,40,0.859,-625.7,-645.04,19.34,0.0028
542,chr20,3824650,3824947,3827264,3827553,+,297,289,2317,3303,246,8,43,0.8283,-1425.5,100000.0,-101425.5,0
543,chr20,3868352,3868648,3869168,3869472,+,296,304,520,1520,266,0,30,0.8986,-794.7,100000.0,-100794.7,0
544,chr20,3928844,3929154,3929192,3929407,+,310,215,38,963,91,160,59,0.2935,-440.0,-453.44,13.436,0.0013
545,chr20,3928844,3929154,3929192,3929407,-,310,215,38,963,65,168,77,0.2097,-407.4,-421.91,14.512,0.0009
546,chr20,44305541,44305838,44305887,44306189,-,297,302,49,1048,269,0,28,0.9057,-623.6,-638.63,15.027,0.003
547,chr20,45078194,45078504,45079004,45079230,+,310,226,500,1436,177,60,73,0.571,-499.0,-523.53,24.532,0.0025
548,chr20,45884335,45884661,45884729,45885026,+,326,297,68,1091,259,20,47,0.7945,-600.1,-615.65,15.555,0.0026
549,chr20,475177,475477,476259,476557,-,300,298,782,1780,260,0,40,0.8667,-782.2,100000.0,-100782.2,0
550,chr20,49504842,49505141,49506365,49506657,-,299,292,1224,2215,234,29,36,0.7826,-947.8,100000.0,-100947.8,0
551,chr20,50122819,50123106,50123262,50123565,-,287,303,156,1146,190,38,59,0.662,-483.6,-497.96,14.357,0.0023
552,chr20,50185287,50185589,50185800,50186008,-,302,208,211,1121,141,65,96,0.4669,-409.9,-426.94,17.038,0.0022
553,chr20,5995998,5996293,5997171,5997480,+,295,309,878,1882,109,103,83,0.3695,-670.1,-701.93,31.833,0.0012
554,chr21,28117576,28117877,28119593,28119875,-,301,282,1716,2699,242,9,50,0.804,-822.9,-877.21,54.313,0.0028
555,chr21,32000989,32001288,32002088,32002388,+,299,300,800,1799,267,0,32,0.893,-807.2,100000.0,-100807.2,0
556,chr21,33263843,33264157,33264706,33264996,+,314,290,549,1553,227,24,63,0.7229,-689.5,-711.83,22.329,0.0024
557,chr21,33355737,33356022,33357530,33357827,+,285,297,1508,2490,261,1,23,0.9158,-1043.1,100000.0,-101043.1,0
558,chr21,36418017,36418311,36418568,36418877,+,294,309,257,1260,264,1,29,0.898,-691.1,100000.0,-100691.1,0
559,chr21,37018705,37018993,37019064,37019294,+,288,230,71,989,187,55,46,0.6493,-460.7,-474.64,13.938,0.0028
560,chr21,37523050,37523328,37524816,37525109,+,278,293,1488,2459,125,106,47,0.4496,-897.78,100000.0,-100897.78,0
562,chr21,42909685,42909984,42910043,42910330,+,299,287,59,1045,249,5,45,0.8328,-524.2,-542.29,18.088,0.0029
563,chr21,44223882,44224188,44224422,44224709,-,306,287,234,1227,168,65,73,0.549,-648.4,-664.08,15.675,0.0021
564,chr22,17110546,17110848,17113182,17113497,+,302,315,2334,3351,254,0,48,0.8411,-1363.8,100000.0,-101363.8,0
565,chr22,17702433,17702634,17702870,17703143,+,201,273,236,1110,118,32,51,0.5871,-347.4,-370.08,22.676,0.0021
566,chr22,18088497,18088744,18089689,18090001,+,247,312,945,1904,212,0,35,0.8583,-829.1,100000.0,-100829.1,0
567,chr22,18097258,18097562,18097930,18098231,+,304,301,368,1373,256,1,47,0.8421,-653.3,-673.34,20.041,0.0028
568,chr22,20065339,20065639,20067133,20067437,+,300,304,1494,2498,244,12,44,0.8133,-1164.9,100000.0,-101164.9,0
569,chr22,23739586,23739896,23740029,23740339,-,310,310,133,1153,256,16,38,0.8258,-665.5,100000.0,-100665.5,0
570,chr22,24573592,24573899,24574543,24574833,+,307,290,644,1641,208,35,64,0.6775,-573.1,-601.27,28.171,0.0024
571,chr22,24655414,24655716,24655733,24656020,-,302,287,17,1006,229,2,71,0.7583,-547.1,-559.41,12.312,0.0026
572,chr22,25724850,25725135,25725664,25725959,+,285,295,529,1509,225,11,49,0.7895,-597.6,-625.26,27.658,0.0027
573,chr22,26522798,26523017,26523573,26523882,-,219,309,556,1484,178,4,37,0.8128,-540.7,-565.58,24.88,0.0026
574,chr22,29438179,29438482,29439351,29439644,-,303,293,869,1865,247,1,55,0.8152,-810.5,100000.0,-100810.5,0
575,chr22,29506390,29506687,29506860,29507164,-,297,304,173,1174,241,4,52,0.8114,-504.6,-520.79,16.186,0.0026
576,chr22,35659786,35660066,35661131,35661387,+,280,256,1065,2001,190,29,61,0.6786,-840.7,100000.0,-100840.7,0
577,chr22,36266095,36266380,36266623,36266924,+,285,301,243,1229,259,2,24,0.9088,-653.7,-669.22,15.521,0.003
578,chr22,36487809,36488118,36488228,36488558,-,309,330,110,1149,241,16,52,0.7799,-528.1,-545.35,17.245,0.0024
579,chr22,38584482,38584774,38584804,38585094,-,292,290,30,1012,236,0,56,0.8082,-457.1,-471.18,14.083,0.0028
580,chr22,39018697,39018999,39019796,39020094,+,302,298,797,1797,201,12,89,0.6656,-623.3,-657.49,34.19,0.0023
581,chr22,39052988,39053293,39053324,39053634,+,305,310,31,1046,245,0,60,0.8033,-450.3,-465.67,15.372,0.0026
582,chr22,40037089,40037397,40037728,40038014,+,308,286,331,1325,230,20,58,0.7468,-567.8,-588.48,20.679,0.0026
583,chr22,40367160,40367436,40368641,40368943,+,276,302,1205,2183,243,0,33,0.8804,-881.37,100000.0,-100881.37,0
584,chr22,40930869,40931146,40931435,40931728,+,277,293,289,1259,225,3,49,0.8123,-511.0,-529.17,18.165,0.0028
585,chr22,41599562,41599858,41599895,41600203,-,296,308,37,1041,270,0,26,0.9122,-658.4,100000.0,-100658.4,0
586,chr22,50623616,50623928,50624075,50624370,-,312,295,147,1154,253,0,59,0.8109,-617.3,-633.32,16.022,0.0027
587,chr2,105360023,105360319,105360365,105360655,-,296,290,46,1032,255,1,40,0.8615,-561.9,-575.23,13.328,0.003
588,chr2,11149424,11149750,11149938,11150238,+,326,300,188,1214,241,20,65,0.7393,-506.8,-527.72,20.917,0.0024
589,chr2,112213494,112213805,112213946,112214244,-,311,298,141,1150,279,0,32,0.8971,-651.6,100000.0,-100651.6,0
590,chr2,112537075,112537379,112538494,112538790,+,304,296,1115,2115,232,22,50,0.7632,-724.7,-762.2,37.497,0.0027
591,chr2,113204971,113205267,113205348,113205649,+,296,301,81,1078,267,1,28,0.902,-646.1,100000.0,-100646.1,0
592,chr2,113709808,113710102,113710448,113710785,-,294,337,346,1377,232,3,59,0.7891,-557.5,-579.76,22.261,0.0023
593,chr2,127845373,127845674,127845981,127846277,-,301,296,307,1304,239,14,48,0.794,-569.8,-590.25,20.454,0.0027
594,chr2,128192896,128193203,128193262,128193558,+,307,296,59,1062,256,4,47,0.8339,-590.5,-602.15,11.654,0.0028
595,chr2,132320142,132320454,132322646,132322921,+,312,275,2192,3179,211,10,91,0.6763,-990.2,-1049.07,58.868,0.0024
596,chr2,151249369,151249682,151250315,151250616,-,313,301,633,1647,282,5,26,0.901,-773.0,100000.0,-100773.0,0
597,chr2,151477710,151478008,151478245,151478490,+,298,245,237,1180,166,65,67,0.557,-451.0,-469.49,18.494,0.0023
598,chr2,154436895,154437189,154437574,154437871,-,294,297,385,1376,204,12,78,0.6939,-499.1,-524.95,25.845,0.0025
600,chr2,171321962,171322262,171322454,171322770,-,300,316,192,1208,262,0,38,0.8733,-610.3,-624.77,14.47,0.0027
602,chr2,177627017,177627335,177627563,177627875,-,318,312,228,1258,248,0,70,0.7799,-572.6,-590.85,18.25,0.0025
603,chr2,17783049,17783358,17785612,17785920,+,309,308,2254,3271,213,49,47,0.6893,-1084.1,100000.0,-101084.1,0
604,chr2,182789227,182789520,182790503,182790806,+,293,303,983,1979,247,10,36,0.843,-662.7,-696.0,33.305,0.0028
605,chr2,182922730,182923018,182923276,182923569,-,288,293,258,1239,236,2,50,0.8194,-507.4,-526.91,19.509,0.0027
606,chr2,183097905,183098193,183099718,183100008,+,288,290,1525,2503,239,0,49,0.8299,-796.8,-847.28,50.481,0.0029
607,chr2,189765839,189766124,189766446,189766754,-,285,308,322,1315,238,4,43,0.8351,-554.1,-575.79,21.686,0.0027
608,chr2,200909426,200909720,200909781,200910062,-,294,281,61,1036,229,0,65,0.7789,-421.8,-439.07,17.274,0.0027
609,chr2,200977569,200977857,200978464,200978774,-,288,310,607,1605,236,1,51,0.8194,-587.8,-614.47,26.674,0.0026
610,chr2,201163983,201164293,201165288,201165571,+,310,283,995,1988,230,14,66,0.7419,-805.7,100000.0,-100805.7,0
611,chr2,201218313,201218601,201218987,201219278,+,288,291,386,1365,185,34,69,0.6424,-543.8,-562.64,18.836,0.0023
612,chr2,202879757,202880041,202880299,202880577,-,284,278,258,1220,226,23,35,0.7958,-590.0,-607.44,17.436,0.0029
613,chr2,203303942,203304216,203304236,203304496,+,274,260,20,954,217,15,42,0.792,-483.5,-497.26,13.765,0.003
614,chr2,203444151,203444460,203446755,203447051,+,309,296,2295,3300,228,0,81,0.7379,-1044.9,100000.0,-101044.9,0
615,chr2,206122346,206122657,206122737,206123034,-,311,297,80,1088,258,0,53,0.8296,-513.0,-529.32,16.32,0.0027
616,chr2,206792942,206793250,206795239,206795532,+,308,293,1989,2990,254,7,47,0.8247,-1050.2,100000.0,-101050.2,0
617,chr2,215943559,215943861,215943970,215944277,-,302,307,109,1118,279,0,23,0.9238,-624.4,-642.24,17.841,0.003
618,chr2,216501722,216502015,216502044,216502331,+,293,287,29,1009,241,1,51,0.8225,-470.9,-485.66,14.763,0.0028
619,chr2,218634957,218635280,218635342,218635632,-,323,290,62,1075,185,51,87,0.5728,-463.0,-477.32,14.323,0.002
620,chr2,218654372,218654664,218654803,218655123,-,292,320,139,1151,232,0,60,0.7945,-473.6,-491.84,18.244,0.0025
621,chr2,222559459,222559754,222560825,222561120,+,295,295,1071,2061,231,13,51,0.7831,-816.7,100000.0,-100816.7,0
622,chr2,222568576,222568861,222570522,222570824,-,285,302,1661,2648,249,0,36,0.8737,-947.9,100000.0,-100947.9,0
623,chr2,223755529,223755827,223756056,223756356,-,298,300,229,1227,255,4,39,0.8557,-548.9,-569.11,20.209,0.0028
624,chr2,227684334,227684606,227684710,227685008,-,272,298,104,1074,226,8,38,0.8309,-473.2,-492.1,18.904,0.0028
625,chr2,229833284,229833578,229834477,229834780,-,294,303,899,1896,247,0,47,0.8401,-705.2,-736.73,31.529,0.0027
626,chr2,232546341,232546636,232547124,232547453,+,295,329,488,1512,252,0,43,0.8542,-658.3,-682.39,24.092,0.0025
627,chr2,24002128,24002400,24002416,24002709,+,272,293,16,981,201,29,42,0.739,-520.7,-534.05,13.352,0.0025
628,chr2,27156041,27156341,27156375,27156684,+,300,309,34,1043,269,1,30,0.8967,-657.2,100000.0,-100657.2,0
629,chr2,31863051,31863327,31865811,31866119,-,276,308,2484,3468,250,0,26,0.9058,-1161.3,100000.0,-101161.3,0
630,chr2,32308112,32308408,32308431,32308740,+,296,309,23,1028,257,0,39,0.8682,-537.2,-551.34,14.142,0.0028
631,chr2,37103856,37104166,37104314,37104619,-,310,305,148,1163,251,14,45,0.8097,-480.7,-502.12,21.417,0.0026
632,chr2,37202363,37202674,37204270,37204575,+,311,305,1596,2612,275,3,33,0.8842,-857.3,-905.88,48.576,0.0029
633,chr2,38782517,38782813,38782868,38783168,+,296,300,55,1051,261,0,35,0.8818,-586.5,-601.4,14.895,0.0029
634,chr2,43880166,43880471,43881430,43881725,+,305,295,959,1959,265,1,39,0.8689,-858.6,100000.0,-100858.6,0
635,chr2,61050108,61050394,61050616,61050919,+,286,303,222,1211,253,0,33,0.8846,-553.1,-570.64,17.544,0.0029
636,chr2,61141833,61142140,61142567,61142866,-,307,299,427,1433,256,1,50,0.8339,-612.4,-633.76,21.362,0.0027
637,chr2,68461282,68461595,68461771,68462064,-,313,293,176,1182,259,7,47,0.8275,-601.6,-617.64,16.044,0.0028
639,chr2,69461595,69461891,69462398,69462692,-,296,294,507,1497,264,0,32,0.8919,-640.3,-664.41,24.113,0.003
640,chr2,85547916,85548206,85549367,85549660,-,290,293,1161,2144,244,0,46,0.8414,-788.8,-828.31,39.512,0.0028
641,chr2,86023748,86024047,86024855,86025147,-,299,292,808,1799,262,0,37,0.8763,-772.5,100000.0,-100772.5,0
642,chr2,96249117,96249395,96251235,96251546,-,278,311,1840,2829,257,0,21,0.9245,-1250.2,100000.0,-101250.2,0
643,chr2,99195801,99196096,99196313,99196604,+,295,291,217,1203,237,9,49,0.8034,-525.3,-543.9,18.599,0.0027
644,chr3,100357633,100357941,100360321,100360585,+,308,264,2380,3352,186,42,80,0.6039,-1102.2,100000.0,-101102.2,0
645,chr3,10152085,10152384,10152481,10152789,+,299,308,97,1104,268,0,31,0.8963,-589.8,-604.65,14.851,0.0029
646,chr3,101823798,101824123,101824444,101824741,+,325,297,321,1343,248,11,66,0.7631,-645.5,-667.21,21.707,0.0025
648,chr3,121588978,121589195,121589397,121589675,+,217,278,202,1097,121,36,60,0.5576,-385.0,-403.21,18.21,0.0021
649,chr3,122411560,122411854,122413325,122413607,-,294,282,1471,2447,249,1,44,0.8469,-875.1,100000.0,-100875.1,0
650,chr3,128966562,128966869,128967419,128967716,-,307,297,550,1554,259,1,47,0.8436,-711.1,-735.27,24.171,0.0028
652,chr3,141948822,141949101,141949807,141950106,-,279,299,706,1684,235,0,44,0.8423,-770.9,100000.0,-100770.9,0
653,chr3,142162716,142163017,142163277,142163569,-,301,292,260,1253,259,3,39,0.8605,-573.7,-592.99,19.292,0.0029
654,chr3,15072110,15072406,15072721,15073012,-,296,291,315,1302,246,9,41,0.8311,-632.3,-651.33,19.029,0.0028
655,chr3,15414354,15414652,15414716,15414934,-,298,218,64,980,175,47,76,0.5872,-421.5,-435.17,13.673,0.0027
656,chr3,155824953,155825155,155825155,155825455,-,202,300,0,902,146,0,56,0.7228,-283.3,-298.38,15.083,0.0024
657,chr3,155942091,155942386,155942948,155943241,+,295,293,562,1550,245,7,43,0.8305,-654.3,-679.14,24.844,0.0028
658,chr3,15650772,15651067,15652046,15652336,+,295,290,979,1964,256,2,37,0.8678,-932.0,100000.0,-100932.0,0
659,chr3,156540323,156540630,156541417,156541625,-,307,208,787,1702,185,54,68,0.6026,-591.9,-622.43,30.535,0.0029
660,chr3,170089634,170089944,170091998,170092299,-,310,301,2054,3065,272,3,35,0.8774,-1007.5,100000.0,-101007.5,0
661,chr3,179336976,179337283,179337344,179337635,+,307,291,61,1059,261,8,38,0.8502,-553.1,-565.13,12.027,0.0029
662,chr3,179397743,179398028,179398232,179398538,-,285,306,204,1195,257,0,28,0.9018,-591.8,-607.69,15.887,0.0029
663,chr3,183490524,183490808,183491127,183491411,-,284,284,319,1287,228,25,31,0.8028,-637.74,-658.6,20.861,0.0029
664,chr3,188882739,188882994,188883450,188883754,+,255,304,456,1415,229,0,26,0.898,-645.5,-667.94,22.438,0.003
665,chr3,197506634,197506939,197509151,197509463,-,305,312,2212,3229,257,3,45,0.8426,-1421.3,100000.0,-101421.3,0
666,chr3,197784513,197784810,197786102,197786414,+,297,312,1292,2301,270,0,27,0.9091,-853.4,100000.0,-100853.4,0
667,chr3,197884157,197884456,197885329,197885622,+,299,293,873,1865,266,0,33,0.8896,-840.4,100000.0,-100840.4,0
668,chr3,23922033,23922255,23922388,23922685,+,222,297,133,1052,0,173,49,0.0,-391.5,-414.09,22.59,0.0
669,chr3,32955260,32955555,32955604,32955908,+,295,304,49,1048,255,0,40,0.8644,-541.4,-553.92,12.522,0.0028
670,chr3,38451362,38451650,38452435,38452732,-,288,297,785,1770,232,9,47,0.8056,-702.5,-731.78,29.275,0.0027
671,chr3,40390954,40391262,40391395,40391705,-,308,310,133,1151,246,1,61,0.7987,-520.9,-538.31,17.412,0.0026
672,chr3,40465908,40466198,40467822,40468140,+,290,318,1624,2632,254,0,36,0.8759,-957.84,100000.0,-100957.84,0
673,chr3,40536105,40536383,40537319,40537595,+,278,276,936,1890,218,17,43,0.7842,-649.22,-686.98,37.762,0.0029
674,chr3,42916360,42916663,42917825,42918126,+,303,301,1162,2166,261,2,40,0.8614,-829.9,100000.0,-100829.9,0
675,chr3,44438159,44438459,44439030,44439337,-,300,307,571,1578,183,50,67,0.61,-720.1,-740.52,20.417,0.002
676,chr3,44749108,44749418,44749784,44750088,-,310,304,366,1380,237,12,61,0.7645,-503.6,-531.29,27.689,0.0025
677,chr3,44923077,44923360,44923519,44923812,-,283,293,159,1135,227,4,52,0.8021,-490.6,-509.07,18.467,0.0027
678,chr3,45680304,45680614,45680730,45681038,+,310,308,116,1134,251,15,44,0.8097,-530.1,-547.43,17.335,0.0025
679,chr3,48749483,48749779,48750082,48750384,-,296,302,303,1301,206,31,59,0.6959,-620.1,-638.42,18.324,0.0023
680,chr3,49423474,49423774,49423843,49424150,-,300,307,69,1076,274,1,25,0.9133,-632.1,-645.53,13.433,0.0029
681,chr3,50591818,50592129,50593731,50594025,+,311,294,1602,2607,256,16,39,0.8232,-1121.58,100000.0,-101121.58,0
682,chr3,57090405,57090704,57092306,57092601,-,299,295,1602,2596,266,0,33,0.8896,-990.9,100000.0,-100990.9,0
683,chr3,57564988,57565288,57565525,57565832,+,300,307,237,1244,225,14,61,0.75,-521.6,-542.57,20.968,0.0024
684,chr3,57626427,57626722,57627146,57627443,-,295,297,424,1416,265,0,30,0.8983,-635.8,-659.49,23.694,0.003
685,chr3,58320305,58320605,58320832,58321133,+,300,301,227,1228,269,3,28,0.8967,-613.0,-630.69,17.689,0.003
687,chr3,94059223,94059499,94059781,94060076,-,276,295,282,1253,222,0,54,0.8043,-468.6,-494.02,25.417,0.0027
688,chr3,94127940,94128231,94129742,94130049,+,291,307,1511,2509,239,7,45,0.8213,-780.2,-827.86,47.664,0.0027
689,chr4,102890557,102890853,102892072,102892357,+,296,285,1219,2200,219,27,50,0.7399,-711.4,-751.88,40.483,0.0025
690,chr4,105846137,105846354,105846668,105846958,+,217,290,314,1221,139,13,65,0.6406,-374.3,-397.39,23.091,0.0022
692,chr4,118712335,118712636,118714584,118714886,+,301,302,1948,2951,253,8,40,0.8405,-1004.9,100000.0,-101004.9,0
693,chr4,120057856,120058156,120058350,120058627,-,300,277,194,1171,244,1,55,0.8133,-561.6,-575.81,14.214,0.0029
694,chr4,123315783,123316079,123316943,123317243,+,296,300,864,1860,238,11,47,0.8041,-677.6,-705.92,28.323,0.0026
695,chr4,127836093,127836394,127836942,127837249,+,301,307,548,1556,242,8,51,0.804,-602.2,-630.02,27.817,0.0026
696,chr4,128036836,128037145,128037388,128037637,+,309,249,243,1201,225,16,68,0.7282,-557.7,-571.43,13.725,0.0029
697,chr4,152622836,152623127,152623597,152623901,-,291,304,470,1465,248,0,43,0.8522,-573.42,-594.26,20.837,0.0027
698,chr4,152977111,152977386,152977452,152977752,+,275,300,66,1041,214,10,51,0.7782,-482.5,-496.93,14.425,0.0026
699,chr4,15850025,15850325,15852802,15853027,+,300,225,2477,3402,156,72,72,0.52,-1022.2,-1086.17,63.967,0.0023
700,chr4,164801951,164802249,164802253,164802535,+,298,282,4,984,222,0,76,0.745,-409.6,-421.52,11.924,0.0026
701,chr4,165071290,165071592,165071960,165072252,-,302,292,368,1362,234,8,60,0.7748,-580.6,-603.38,22.775,0.0027
702,chr4,173385201,173385484,173386140,173386447,-,283,307,656,1646,241,0,42,0.8516,-601.2,-630.91,29.707,0.0027
703,chr4,17626963,17627252,17629008,17629241,+,289,233,1756,2678,135,70,84,0.4671,-1117.7,100000.0,-101117.7,0
704,chr4,17801136,17801429,17801847,17802123,-,293,276,418,1387,233,21,39,0.7952,-577.8,-600.71,22.907,0.0029
705,chr4,2228348,2228635,2229542,2229826,-,287,284,907,1878,246,14,27,0.8571,-748.1,-780.01,31.906,0.003
706,chr4,2839580,2839857,2839943,2840254,+,277,311,86,1074,233,0,44,0.8412,-464.1,-480.98,16.883,0.0027
707,chr4,2938248,2938515,2938515,2938792,-,267,277,0,944,209,8,50,0.7828,-432.7,-444.58,11.882,0.0028
708,chr4,3506375,3506671,3506931,3507236,-,296,305,260,1261,242,1,53,0.8176,-575.3,-596.25,20.954,0.0026
709,chr4,377883,378188,378272,378567,+,305,295,84,1084,251,6,48,0.823,-531.7,-548.11,16.411,0.0028
710,chr4,39548912,39549213,39549292,39549572,-,301,280,79,1060,239,16,46,0.794,-520.1,-536.24,16.145,0.0028
711,chr4,55370595,55370891,55371650,55371952,+,296,302,759,1757,240,2,54,0.8108,-608.0,-639.81,31.809,0.0027
712,chr4,56459893,56460183,56460689,56460988,+,290,299,506,1495,241,0,49,0.831,-506.31,-533.53,27.221,0.0027
713,chr4,6622439,6622735,6623075,6623362,+,296,287,340,1323,225,22,49,0.7601,-623.7,-644.58,20.883,0.0027
714,chr4,67469344,67469640,67470289,67470602,-,296,313,649,1658,263,7,26,0.8885,-746.5,100000.0,-100746.5,0
715,chr4,70816441,70816748,70818030,70818281,-,307,251,1282,2240,212,26,69,0.6906,-763.4,-804.45,41.045,0.0027
716,chr4,73057145,73057437,73057674,73057971,-,292,297,237,1226,243,6,43,0.8322,-569.5,-586.8,17.297,0.0028
717,chr4,82925216,82925494,82926865,82927166,-,278,301,1371,2350,233,0,45,0.8381,-730.9,-772.44,41.54,0.0028
718,chr4,83294079,83294361,83294502,83294769,-,282,267,141,1090,197,30,55,0.6986,-485.0,-502.85,17.855,0.0026
719,chr4,83460163,83460454,83460621,83460916,-,291,295,167,1153,251,0,40,0.8625,-530.2,-546.91,16.714,0.0029
720,chr4,88258802,88259116,88260049,88260351,-,314,302,933,1949,122,94,98,0.3885,-823.1,100000.0,-100823.1,0
721,chr4,98875569,98875852,98875956,98876253,-,283,297,104,1084,249,7,27,0.8799,-509.2,-523.62,14.422,0.0029
722,chr5,112894108,112894414,112894956,112895258,+,306,302,542,1550,268,7,31,0.8758,-705.1,-732.1,27.0,0.0029
724,chr5,115829828,115830143,115830545,115830816,-,315,271,402,1388,216,20,79,0.6857,-448.5,-473.52,25.019,0.0025
725,chr5,118838908,118839164,118839350,118839661,-,256,311,186,1153,214,0,42,0.8359,-439.0,-461.7,22.696,0.0026
726,chr5,119394611,119394901,119396714,119397017,+,290,303,1813,2806,265,0,25,0.9138,-1039.1,100000.0,-101039.1,0
727,chr5,126542382,126542669,126543964,126544258,-,287,294,1295,2276,224,1,62,0.7805,-866.7,100000.0,-100866.7,0
728,chr5,126625314,126625611,126625714,126625994,+,297,280,103,1080,237,0,60,0.798,-497.9,-511.43,13.527,0.0028
729,chr5,131201834,131202133,131202212,131202509,+,299,297,79,1075,124,100,75,0.4147,-495.7,-509.04,13.341,0.0014
730,chr5,131951575,131951886,131953331,131953625,-,311,294,1445,2450,239,6,66,0.7685,-764.8,-811.77,46.971,0.0026
731,chr5,132644775,132645029,132645888,132646113,+,254,225,859,1738,150,29,75,0.5906,-505.9,-540.6,34.704,0.0026
732,chr5,132694136,132694396,132695162,132695471,-,260,309,766,1735,223,0,37,0.8577,-633.5,-665.66,32.157,0.0028
733,chr5,134152545,134152839,134153193,134153500,-,294,307,354,1355,226,4,64,0.7687,-544.6,-565.49,20.891,0.0025
734,chr5,134900390,134900694,134900791,134901087,+,304,296,97,1097,267,0,37,0.8783,-548.8,-565.45,16.649,0.0029
735,chr5,140852885,140853178,140853893,140854176,+,293,283,715,1691,228,13,52,0.7782,-601.9,-628.92,27.016,0.0027
736,chr5,140860174,140860400,140860726,140861028,+,226,302,326,1254,150,24,52,0.6637,-492.1,-509.97,17.871,0.0021
737,chr5,141190185,141190474,141190972,141191278,+,289,306,498,1493,237,0,52,0.8201,-552.9,-578.77,25.869,0.0027
738,chr5,143225176,143225488,143226199,143226509,+,312,310,711,1733,261,11,40,0.8365,-798.2,100000.0,-100798.2,0
739,chr5,149858492,149858800,149858816,149859124,-,308,308,16,1032,239,11,58,0.776,-487.7,-501.88,14.178,0.0025
740,chr5,149983581,149983876,149984377,149984678,+,295,301,501,1497,216,12,67,0.7322,-543.3,-569.83,26.528,0.0024
741,chr5,157756886,157757187,157758115,157758405,+,301,290,928,1919,253,8,40,0.8405,-775.4,-810.45,35.049,0.0029
742,chr5,16662316,16662620,16664938,16665221,-,304,283,2318,3305,232,21,51,0.7632,-1141.3,100000.0,-101141.3,0
743,chr5,175527915,175528208,175529054,175529352,+,293,298,846,1837,255,4,34,0.8703,-776.7,100000.0,-100776.7,0
744,chr5,176369229,176369532,176369675,176369975,+,303,300,143,1146,260,4,39,0.8581,-582.2,-599.49,17.292,0.0028
745,chr5,176376080,176376380,176377758,176378061,+,300,303,1378,2381,238,3,59,0.7933,-863.0,100000.0,-100863.0,0
746,chr5,178978969,178979266,178980620,178980933,-,297,313,1354,2364,249,12,36,0.8384,-946.5,100000.0,-100946.5,0
747,chr5,34905946,34906256,34906356,34906658,-,310,302,100,1112,253,0,57,0.8161,-455.6,-473.88,18.278,0.0026
748,chr5,37290195,37290500,37291245,37291542,-,305,297,745,1747,247,21,37,0.8098,-692.5,-718.05,25.55,0.0028
749,chr5,40830500,40830793,40830965,40831257,-,293,292,172,1157,215,28,50,0.7338,-542.0,-558.86,16.864,0.0025
750,chr5,43380518,43380838,43381391,43381659,-,320,268,553,1541,222,25,73,0.6937,-526.6,-552.66,26.056,0.0026
751,chr5,45256088,45256391,45256524,45256874,-,303,350,133,1186,223,0,80,0.736,-451.6,-473.4,21.801,0.0021
752,chr5,65667947,65668252,65668461,65668758,-,305,297,209,1211,271,0,34,0.8885,-659.6,100000.0,-100659.6,0
753,chr5,69281892,69282191,69282279,69282578,-,299,299,88,1086,256,4,39,0.8562,-544.7,-563.16,18.456,0.0029
755,chr5,75368917,75369214,75370670,75370975,-,297,305,1456,2458,266,0,31,0.8956,-930.8,100000.0,-100930.8,0
757,chr5,80140047,80140332,80142287,80142488,-,285,201,1955,2841,146,54,85,0.5123,-946.9,100000.0,-100946.9,0
758,chr5,80480642,80480921,80481820,80482120,+,279,300,899,1878,220,0,59,0.7885,-593.9,-626.53,32.632,0.0026
759,chr5,80627359,80627630,80627922,80628222,-,271,300,292,1263,207,0,64,0.7638,-468.9,-492.42,23.525,0.0026
760,chr5,81415946,81416246,81416867,81417148,-,300,281,621,1602,249,13,38,0.83,-698.6,-726.0,27.396,0.0029
761,chr6,105098875,105099158,105100227,105100523,-,283,296,1069,2048,230,10,43,0.8127,-807.9,100000.0,-100807.9,0
762,chr6,106569243,106569522,106571417,106571711,+,279,294,1895,2868,216,7,56,0.7742,-925.8,-980.24,54.442,0.0026
763,chr6,109164801,109165093,109166378,109166682,+,292,304,1285,2281,264,0,28,0.9041,-906.9,100000.0,-100906.9,0
764,chr6,109391005,109391316,109392177,109392466,-,311,289,861,1861,262,4,45,0.8424,-833.9,100000.0,-100833.9,0
765,chr6,111228747,111229049,111229978,111230272,+,302,294,929,1925,247,11,44,0.8179,-711.7,-744.15,32.452,0.0028
766,chr6,111269219,111269499,111270559,111270860,+,280,301,1060,2041,246,4,30,0.8786,-889.7,100000.0,-100889.7,0
767,chr6,111557424,111557714,111557742,111558043,-,290,301,28,1019,248,0,42,0.8552,-521.82,-535.77,13.951,0.0028
768,chr6,132448552,132448859,132449036,132449286,-,307,250,177,1134,139,117,51,0.4528,-476.9,-494.07,17.169,0.0018
769,chr6,13787867,13788181,13789120,13789413,-,314,293,939,1946,252,8,54,0.8025,-779.6,-809.28,29.679,0.0027
771,chr6,149447246,149447539,149448009,149448323,-,293,314,470,1477,249,6,38,0.8498,-654.9,-679.08,24.184,0.0027
772,chr6,149724595,149724888,149725312,149725595,-,293,283,424,1400,168,91,34,0.5734,-639.1,-660.38,21.284,0.002
773,chr6,154125789,154126101,154126830,154127120,+,312,290,729,1731,262,1,49,0.8397,-777.9,100000.0,-100777.9,0
774,chr6,154404195,154404491,154404550,154404857,-,296,307,59,1062,262,1,33,0.8851,-630.2,-643.73,13.533,0.0029
775,chr6,158195999,158196306,158198428,158198705,+,307,277,2122,3106,217,14,76,0.7068,-930.9,-995.09,64.194,0.0026
776,chr6,158975901,158976217,158976805,158977112,-,316,307,588,1611,249,6,61,0.788,-585.3,-613.44,28.138,0.0025
778,chr6,166924094,166924398,166926255,166926563,-,304,308,1857,2869,278,0,26,0.9145,-1352.2,100000.0,-101352.2,0
779,chr6,167045098,167045422,167045449,167045759,+,324,310,27,1061,246,8,70,0.7593,-586.0,-600.41,14.407,0.0025
780,chr6,18128709,18128916,18130001,18130306,-,207,305,1085,1997,171,0,36,0.8261,-722.7,-756.61,33.906,0.0028
781,chr6,25986245,25986532,25988483,25988739,+,287,256,1951,2894,205,25,57,0.7143,-911.1,-964.75,53.653,0.0028
782,chr6,26095207,26095515,26096147,26096433,+,308,286,632,1626,232,21,55,0.7532,-749.4,100000.0,-100749.4,0
783,chr6,3020974,3021257,3021849,3022129,-,283,280,592,1555,0,217,66,0.0,-558.4,-587.05,28.654,0.0
784,chr6,31857871,31858162,31858332,31858639,-,291,307,170,1168,243,8,40,0.8351,-584.3,-601.13,16.833,0.0027
785,chr6,33005212,33005496,33005566,33005880,-,284,314,70,1068,234,4,46,0.8239,-516.1,-529.64,13.544,0.0026
786,chr6,35580526,35580840,35581324,35581584,-,314,260,484,1458,235,16,63,0.7484,-685.6,-707.45,21.853,0.0028
787,chr6,36140773,36141090,36141391,36141691,+,317,300,301,1318,241,14,62,0.7603,-579.9,-600.95,21.05,0.0025
788,chr6,39331934,39332246,39334309,39334642,-,312,333,2063,3108,241,10,61,0.7724,-1075.6,100000.0,-101075.6,0
789,chr6,42078845,42079151,42079571,42079853,+,306,282,420,1408,232,4,70,0.7582,-669.9,-690.34,20.442,0.0027
790,chr6,42887300,42887595,42888158,42888456,+,295,298,563,1556,253,0,42,0.8576,-677.2,-701.36,24.156,0.0028
791,chr6,43615664,43615971,43616006,43616301,+,307,295,35,1037,261,0,46,0.8502,-573.2,-587.71,14.51,0.0028
792,chr6,63277806,63278105,63278446,63278723,-,299,277,341,1317,223,23,53,0.7458,-571.7,-592.67,20.969,0.0027
793,chr6,70588898,70589109,70589169,70589465,+,211,296,60,967,175,0,36,0.8294,-401.6,-416.58,14.976,0.0028
794,chr6,7283249,7283546,7285394,7285708,-,297,314,1848,2859,262,1,34,0.8822,-1089.8,100000.0,-101089.8,0
795,chr6,73424153,73424450,73424844,73425152,-,297,308,394,1399,261,0,36,0.8788,-550.1,-573.97,23.866,0.0028
796,chr6,73504139,73504432,73504609,73504892,+,293,283,177,1153,240,1,52,0.8191,-517.6,-530.94,13.339,0.0028
797,chr6,78902163,78902431,78902489,78902768,+,268,279,58,1005,188,18,62,0.7015,-348.8,-368.55,19.748,0.0025
798,chr6,89634439,89634714,89634791,89635049,-,275,258,77,1010,170,42,63,0.6182,-375.9,-393.18,17.282,0.0024
799,chr7,101312121,101312450,101312530,101312833,-,329,303,80,1112,233,24,72,0.7082,-467.1,-487.15,20.054,0.0023
800,chr7,102453735,102454028,102454123,102454397,+,293,274,95,1062,236,11,46,0.8055,-613.7,-624.18,10.482,0.0028
801,chr7,122074849,122075173,122075973,122076203,-,324,230,800,1754,163,78,83,0.5031,-467.2,-502.42,35.217,0.0022
802,chr7,12656641,12656937,12657211,12657506,+,296,295,274,1265,245,2,49,0.8277,-526.8,-547.89,21.088,0.0028
803,chr7,128302768,128303062,128304878,128305183,-,294,305,1816,2815,246,0,48,0.8367,-1038.3,100000.0,-101038.3,0
804,chr7,128684333,128684644,128684906,128685200,+,311,294,262,1267,268,0,43,0.8617,-652.3,-669.5,17.197,0.0029
805,chr7,135732410,135732689,135733334,135733646,-,279,312,645,1636,241,0,38,0.8638,-682.6,-709.81,27.213,0.0027
806,chr7,140731010,140731315,140731889,140732200,-,305,311,574,1590,256,1,48,0.8393,-604.1,-633.66,29.563,0.0027
807,chr7,141004018,141004308,141004760,141005046,-,290,286,452,1428,247,12,31,0.8517,-666.8,-692.93,26.125,0.003
808,chr7,150246780,150247094,150248380,150248672,-,314,292,1286,2292,253,2,59,0.8057,-932.5,100000.0,-100932.5,0
809,chr7,152646485,152646776,152648132,152648433,-,291,301,1356,2348,229,9,53,0.7869,-798.6,-839.14,40.536,0.0026
810,chr7,156970005,156970306,156970414,156970702,+,301,288,108,1097,211,25,65,0.701,-471.7,-491.57,19.869,0.0025
811,chr7,16088412,16088717,16090421,16090741,-,305,320,1704,2729,259,0,46,0.8492,-1011.1,100000.0,-101011.1,0
812,chr7,17344621,17344927,17345034,17345326,+,306,292,107,1105,253,3,50,0.8268,-525.0,-542.88,17.881,0.0028
813,chr7,20137870,20138182,20138685,20138971,-,312,286,503,1501,244,16,52,0.7821,-599.0,-622.87,23.872,0.0027
814,chr7,2434937,2435219,2435802,2436113,+,282,311,583,1576,128,70,84,0.4539,-697.1,-721.29,24.195,0.0015
815,chr7,25120090,25120384,25120842,25121142,-,294,300,458,1452,258,0,36,0.8776,-648.5,-670.62,22.121,0.0029
816,chr7,38723442,38723752,38724585,38724890,-,310,305,833,1848,263,4,43,0.8484,-677.6,-710.49,32.895,0.0028
817,chr7,40126800,40127027,40127134,40127438,-,227,304,107,1038,170,4,53,0.7489,-514.9,-530.17,15.266,0.0026
818,chr7,43942100,43942332,43944147,43944357,-,232,210,1815,2657,107,56,69,0.4612,-938.6,100000.0,-100938.6,0
820,chr7,44801802,44802049,44802194,44802444,+,247,250,145,1042,178,17,52,0.7206,-389.2,-407.07,17.872,0.0028
821,chr7,44877520,44877824,44879040,44879326,-,304,286,1216,2206,248,10,46,0.8158,-827.07,-865.29,38.222,0.0029
822,chr7,4769443,4769740,4770252,4770541,+,297,289,512,1498,256,0,41,0.862,-755.4,100000.0,-100755.4,0
823,chr7,5476883,5477186,5477421,5477719,-,303,298,235,1236,261,1,41,0.8614,-711.3,100000.0,-100711.3,0
824,chr7,55940813,55941118,55941173,55941485,+,305,312,55,1072,189,89,27,0.6197,-589.4,-602.77,13.372,0.002
825,chr7,57472466,57472766,57473249,57473543,+,300,294,483,1477,241,20,39,0.8033,-582.2,-607.65,25.446,0.0027
826,chr7,5971749,5972048,5972829,5973142,-,299,313,781,1793,263,4,32,0.8796,-801.0,100000.0,-100801.0,0
827,chr7,63347277,63347589,63348168,63348450,-,312,282,579,1573,238,0,74,0.7628,-550.9,-577.53,26.635,0.0026
828,chr7,66153778,66154070,66154181,66154394,+,292,213,111,1016,184,54,54,0.6301,-434.3,-449.8,15.505,0.0029
829,chr7,6657031,6657293,6657548,6657857,+,262,309,255,1226,202,14,46,0.771,-527.2,-545.05,17.853,0.0025
830,chr7,7092118,7092404,7092746,7093034,-,286,288,342,1316,248,0,38,0.8671,-554.4,-574.45,20.046,0.003
831,chr7,76473523,76473818,76473919,76474174,-,295,255,101,1051,157,98,40,0.5322,-516.6,-531.62,15.016,0.0021
832,chr7,77081630,77081936,77081979,77082239,-,306,260,43,1009,184,51,71,0.6013,-363.3,-380.2,16.9,0.0023
833,chr7,77779817,77780129,77781702,77781992,+,312,290,1573,2575,266,0,46,0.8526,-920.9,100000.0,-100920.9,0
834,chr7,88275088,88275391,88277593,88277887,-,303,294,2202,3199,240,12,51,0.7921,-988.7,-1044.5,55.804,0.0027
835,chr7,90387053,90387347,90389387,90389602,+,294,215,2040,2949,176,57,61,0.5986,-866.1,-924.84,58.742,0.0028
836,chr7,92537084,92537369,92539423,92539706,+,285,283,2054,3022,185,45,55,0.6491,-1063.2,100000.0,-101063.2,0
837,chr7,99480043,99480353,99481460,99481755,+,310,295,1107,2112,261,1,48,0.8419,-822.1,100000.0,-100822.1,0
838,chr8,11842936,11843245,11843748,11844052,-,309,304,503,1516,242,3,64,0.7832,-694.0,-712.95,18.951,0.0025
840,chr8,13024037,13024342,13025237,13025530,+,305,293,895,1893,251,4,50,0.823,-737.4,-770.24,32.841,0.0028
841,chr8,142660400,142660699,142662877,142663164,-,299,287,2178,3164,234,4,61,0.7826,-1419.4,100000.0,-101419.4,0
842,chr8,144877112,144877373,144879783,144880082,-,261,299,2410,3370,218,0,43,0.8352,-1154.4,100000.0,-101154.4,0
843,chr8,1781073,1781386,1782132,1782444,+,313,312,746,1771,268,0,45,0.8562,-801.4,100000.0,-100801.4,0
844,chr8,28022146,28022456,28022790,28023088,-,310,298,334,1342,267,0,43,0.8613,-651.2,-668.15,16.945,0.0029
846,chr8,30678359,30678661,30678872,30679168,-,302,296,211,1209,246,6,50,0.8146,-481.7,-501.32,19.623,0.0027
847,chr8,38971674,38971956,38972176,38972484,+,282,308,220,1210,210,18,54,0.7447,-441.3,-465.15,23.852,0.0023
848,chr8,41542426,41542655,41543702,41544006,+,229,304,1047,1980,0,120,109,0.0,-766.77,-805.75,38.984,0.0
849,chr8,43020819,43021131,43021307,43021600,+,312,293,176,1181,247,1,64,0.7917,-658.0,100000.0,-100658.0,0
850,chr8,47976983,47977285,47977491,47977758,+,302,267,206,1175,193,16,93,0.6391,-439.9,-459.49,19.592,0.0024
851,chr8,55532513,55532823,55534363,55534674,+,310,311,1540,2561,283,3,24,0.9129,-992.4,100000.0,-100992.4,0
852,chr8,56012442,56012744,56013270,56013570,+,302,300,526,1528,239,1,62,0.7914,-652.3,-677.39,25.095,0.0026
853,chr8,6403882,6404192,6404248,6404533,-,310,285,56,1051,221,0,89,0.7129,-379.7,-397.59,17.895,0.0025
854,chr8,65715379,65715677,65715703,65716025,-,298,322,26,1046,263,0,35,0.8826,-585.9,-598.84,12.937,0.0027
855,chr8,6643252,6643510,6643968,6644291,+,258,323,458,1439,221,0,37,0.8566,-595.0,-621.6,26.596,0.0026
856,chr8,6809299,6809588,6809828,6810139,-,289,311,240,1240,229,8,52,0.7924,-546.2,-564.57,18.37,0.0025
857,chr8,79769371,79769667,79770583,79770852,-,296,269,916,1881,118,112,66,0.3986,-751.9,-782.64,30.742,0.0015
858,chr8,94792234,94792546,94792574,94792869,+,312,295,28,1035,260,10,42,0.8333,-565.4,-580.38,14.985,0.0028
859,chr8,95245493,95245747,95245992,95246282,-,254,290,245,1189,223,0,31,0.878,-506.47,-522.42,15.953,0.003
860,chr8,97727222,97727506,97728908,97729226,+,284,318,1402,2404,226,4,54,0.7958,-860.0,-900.28,40.278,0.0025
861,chr9,109135446,109135750,109135947,109136248,-,304,301,197,1202,272,2,30,0.8947,-599.0,-618.41,19.408,0.0029
862,chr9,112452464,112452756,112453390,112453692,-,292,302,634,1628,270,0,22,0.9247,-728.5,100000.0,-100728.5,0
863,chr9,112665989,112666235,112667294,112667593,+,246,299,1059,2004,230,0,16,0.935,-773.7,-803.69,29.986,0.0031
864,chr9,112684254,112684562,112685103,112685306,-,308,203,541,1452,147,97,64,0.4773,-513.8,-541.89,28.086,0.0027
865,chr9,113038500,113038806,113040949,113041230,-,306,281,2143,3130,205,33,68,0.6699,-883.8,-944.11,60.306,0.0023
866,chr9,113313887,113314179,113314232,113314511,-,292,279,53,1024,248,16,28,0.8493,-568.34,-581.15,12.808,0.003
867,chr9,114786632,114786941,114789314,114789613,-,309,299,2373,3381,257,12,40,0.8317,-1164.2,100000.0,-101164.2,0
868,chr9,122327978,122328273,122330647,122330929,+,295,282,2374,3351,231,9,55,0.7831,-1132.8,100000.0,-101132.8,0
869,chr9,128111957,128112273,128112524,128112829,-,316,305,251,1272,96,122,98,0.3038,-688.1,100000.0,-100688.1,0
870,chr9,128306735,128306974,128306974,128307273,-,239,299,0,938,194,8,37,0.8117,-517.2,-525.99,8.795,0.0027
871,chr9,134905989,134906240,134906788,134907087,-,251,299,548,1498,216,0,35,0.8606,-543.8,-566.54,22.743,0.0028
872,chr9,138041758,138042069,138042184,138042474,-,311,290,115,1116,210,9,92,0.6752,-419.0,-436.83,17.827,0.0023
873,chr9,15167029,15167347,15167470,15167758,-,318,288,123,1129,237,0,81,0.7453,-452.1,-470.53,18.427,0.0026
874,chr9,33042833,33043132,33045562,33045860,-,299,298,2430,3427,256,2,41,0.8562,-1345.2,100000.0,-101345.2,0
875,chr9,36215042,36215320,36216354,36216633,-,278,279,1034,1991,242,7,29,0.8705,-814.9,100000.0,-100814.9,0
876,chr9,4710215,4710518,4710640,4710926,-,303,286,122,1111,234,2,67,0.7723,-473.4,-490.06,16.663,0.0027
877,chr9,69075175,69075482,69075724,69075993,+,307,269,242,1218,204,23,80,0.6645,-472.0,-494.0,22.004,0.0024
878,chr9,78271920,78272217,78273451,78273758,+,297,307,1234,2238,256,6,35,0.862,-853.4,100000.0,-100853.4,0
880,chr9,95812793,95813086,95813284,95813589,-,293,305,198,1196,253,6,34,0.8635,-584.4,-599.96,15.559,0.0028
881,chr9,96015190,96015487,96015513,96015813,+,297,300,26,1023,184,54,59,0.6195,-577.3,-591.3,13.996,0.0022
882,chrX,108077711,108078006,108078327,108078617,+,295,290,321,1306,243,9,43,0.8237,-550.5,-572.15,21.653,0.0028
883,chrX,119538420,119538735,119539249,119539554,-,315,305,514,1534,278,0,37,0.8825,-739.2,100000.0,-100739.2,0
884,chrX,119921837,119922140,119922445,119922745,-,303,300,305,1308,245,3,55,0.8086,-568.5,-589.12,20.617,0.0027
886,chrX,123912437,123912646,123912686,123912944,+,209,258,40,907,125,35,49,0.5981,-366.0,-380.4,14.395,0.0023
887,chrX,154475098,154475400,154475886,154476170,+,302,284,486,1472,0,243,59,0.0,-728.2,100000.0,-100728.2,0
888,chrX,15783509,15783824,15783876,15784187,+,315,311,52,1078,282,0,33,0.8952,-589.6,-600.31,10.712,0.0029
889,chrX,16763005,16763287,16763341,16763646,+,282,305,54,1041,223,6,53,0.7908,-477.9,-493.01,15.114,0.0026
890,chrX,23701493,23701760,23701791,23702073,-,267,282,31,980,228,3,36,0.8539,-448.7,-462.93,14.232,0.003
891,chrX,2734296,2734606,2735920,2736231,+,310,311,1314,2335,267,0,43,0.8613,-911.1,100000.0,-100911.1,0
892,chrX,2906136,2906440,2906831,2907142,-,304,311,391,1406,233,4,67,0.7664,-587.7,-609.58,21.877,0.0024
893,chrX,299779,300075,300718,301002,+,296,284,643,1623,234,0,62,0.7905,-896.3,100000.0,-100896.3,0
894,chrX,3851854,3852166,3853014,3853336,-,312,322,848,1882,249,7,56,0.7981,-677.9,-708.12,30.221,0.0025
895,chrX,3890279,3890591,3891438,3891760,-,312,322,847,1881,250,6,56,0.8013,-688.7,-718.21,29.514,0.0025
896,chrX,46498604,46498908,46499163,46499466,-,304,303,255,1262,229,23,52,0.7533,-547.3,-568.6,21.304,0.0024
897,chrX,46604434,46604731,46604995,46605220,-,297,225,264,1186,183,59,55,0.6162,-487.9,-505.62,17.724,0.0027
898,chrX,48578331,48578583,48580394,48580693,+,252,299,1811,2762,214,3,35,0.8492,-1102.0,100000.0,-101102.0,0
899,chrX,54563501,54563813,54564397,54564705,+,312,308,584,1604,267,7,38,0.8558,-678.3,-702.17,23.871,0.0027
900,chrX,56286151,56286452,56287955,56288253,+,301,298,1503,2502,260,0,41,0.8638,-844.1,-889.26,45.155,0.0028
901,chrX,77827988,77828241,77828288,77828585,-,253,297,47,997,224,1,28,0.8854,-496.2,-509.09,12.888,0.003
902,chrX,85089116,85089402,85090957,85091273,+,286,316,1555,2557,236,0,50,0.8252,-807.75,-852.12,44.37,0.0026
903,chrY,2734296,2734606,2735920,2736231,+,310,311,1314,2335,267,0,43,0.8613,-911.1,100000.0,-100911.1,0
904,chrY,299779,300075,300718,301002,+,296,284,643,1623,234,0,62,0.7905,-896.3,100000.0,-100896.3,0
