position,base,n,mean_prediction,sem_prediction,relative_preference
-3,A,1520,0.9456951590549004,0.0019335999278644986,0.003458584955354116
-3,C,1520,0.9507800383395271,0.0017197240186995276,0.008543464239980758
-3,G,1520,0.9373951277450512,0.0021938708786151243,-0.004841446354495127
-3,T,1520,0.9350759712587061,0.002304752230419197,-0.007160602840840191
-2,A,1520,0.9349228538670822,0.0027015438876529336,0.024265987731479477
-2,C,1520,0.9478113053464576,0.0020907774237753853,0.03715443921085493
-2,G,1520,0.8179685487938849,0.0058575329482574235,-0.09268831734171779
-2,T,1520,0.9419247565349858,0.0023032489881644304,0.03126789039938305
-1,A,1520,0.9359952306767043,0.002377549873873852,0.1521125660635383
-1,C,1520,0.9054615058985196,0.003530288628334528,0.12157884128535357
-1,G,1520,0.3588412811334006,0.007994359334545053,-0.42504138347976544
-1,T,1520,0.9352326407440399,0.002496390708125288,0.15134997613087386
1,A,1520,0.9282193937878075,0.0025548412042119763,0.008347544810538565
1,C,1520,0.942871027873633,0.002658161585792325,0.022999178896364048
1,G,1520,0.9427326561000786,0.002161622592224346,0.02286080712280969
1,T,1520,0.8656643181475565,0.004393034093056216,-0.054207530829712414
2,A,1520,0.9453121741351328,0.0019296579379968438,0.005585207775431256
2,C,1520,0.95468519584913,0.0016481611412558145,0.014958229489428487
2,G,1520,0.9372039112997682,0.0021965656078384546,-0.0025230550599333323
2,T,1520,0.9217065841547752,0.002790629636385427,-0.0180203822049263
3,A,1520,0.9459889234288743,0.0018626265379840497,0.0020344790463384665
3,C,1520,0.9496704757213592,0.0017640597778141376,0.0057160313388233686
3,G,1520,0.9420812407606527,0.001977918270527173,-0.001873203621883146
3,T,1520,0.9380771376192569,0.002093190050227307,-0.005877306763278911
