position,self_base,partner_base,pair_retained,n,mean_prediction,sem_prediction
-1,A,A,0,1235,0.8681845528243283,0.005104563512965094
-1,A,C,0,1235,0.8873142931565099,0.004498768696857394
-1,A,G,0,1235,0.7996608244307972,0.006475224068378082
-1,A,T,1,1235,0.9238221880335075,0.003420618712780923
-1,C,A,0,1235,0.900990274572662,0.004127428702863223
-1,C,C,0,1235,0.8936560483234613,0.004361872898782388
-1,C,G,1,1235,0.8126133368120563,0.006661349175480887
-1,C,T,0,1235,0.8618888833081192,0.0052101660003596876
-1,G,A,0,1235,0.631083985191849,0.008128988992663027
-1,G,C,1,1235,0.31533795716257496,0.008271759065448836
-1,G,G,0,1235,0.5555359044187675,0.008379026811362716
-1,G,T,1,1235,0.19518526165832992,0.006951787240099472
-1,T,A,1,1235,0.9713048328754873,0.0013867484136697468
-1,T,C,0,1235,0.8945880136388517,0.004347584629563195
-1,T,G,1,1235,0.7717724855280357,0.0074716836829412945
-1,T,T,0,1235,0.8453315774710314,0.005524569169749896
0,A,A,0,838,0.9204061667219267,0.0045039690282074355
0,A,C,0,838,0.976225907983245,0.001815613282482876
0,A,G,0,838,0.8348365969509153,0.00739157500399565
0,A,T,1,838,0.932279564386905,0.0026187272610748336
1,A,A,0,1415,0.8312488585921143,0.005076593691700898
1,A,C,0,1415,0.867583631347641,0.004421685729585639
1,A,G,0,1415,0.7924111743855813,0.005687911050191586
1,A,T,1,1415,0.9153105697235876,0.0031209018763722444
1,C,A,0,1415,0.7014357408238805,0.00695643617033749
1,C,C,0,1415,0.6918794510537238,0.0071252474134821655
1,C,G,1,1415,0.9327761537194673,0.0027307369495477053
1,C,T,0,1415,0.685963188830513,0.0071450218678635515
1,G,A,0,1415,0.8681170469722562,0.004485826822604357
1,G,C,1,1415,0.9599496623441945,0.001697532951823611
1,G,G,0,1415,0.8495377602404504,0.004930653069966159
1,G,T,1,1415,0.9312868050362112,0.0028024544288182073
1,T,A,1,1415,0.8956887224958979,0.003673530440639837
1,T,C,0,1415,0.6949079818006724,0.00788549614068044
1,T,G,1,1415,0.7929963611092669,0.005815929929978514
1,T,T,0,1415,0.6787003741410393,0.007877780388060723
